p1,484.89155501840554,-31.006357052356066,1
p2,489.3911782449288,21.973915633917063,1
p3,462.8865749487044,-27.59988885077133,1
p4,517.2184791068717,5.588089596256003,1
p5,455.66904860481725,1.982180846643086,1
p6,455.74220553592073,-25.126801272140433,1
p7,476.77533548604333,-65.41434818080148,1
p8,417.62094332761774,-21.7464667873444,1
p9,438.8158414444548,7.686687218870478,1
p10,441.7726419484994,-40.97385127540207,1
p11,512.7757162482592,-2.2432761573931685,1
p12,470.6052962709447,-35.079042822437344,1
p13,452.0014822812595,14.122983475374753,1
p14,433.53699724891715,25.19653882574175,1
p15,449.7618216039759,8.303344165458853,1
p16,449.4243101237682,75.74920296087558,1
p17,466.7454784563614,-8.42575073104706,1
p18,491.48200262309985,-10.197117062389829,1
p19,472.7072101350495,-29.2415236689584,1
p20,426.211769190286,38.57245385822584,1
p21,487.8078129346156,40.92322798184037,1
p22,461.76126437667835,29.862034474640375,1
p23,420.4323995903026,20.41006502428482,1
p24,450.50670924016345,76.826461346946,1
p25,474.15271898462277,-4.67397214076658,1
p26,473.0654911857779,39.76611418495229,1
p27,442.5146375653203,72.76701102159298,1
p28,493.2121529394812,85.44993306112399,1
p29,436.5460768009857,51.32651053803225,1
p30,471.0815283064513,92.95701110653309,1
p31,446.17003158630837,61.20496472551562,1
p32,426.73747697194256,33.96879153478339,1
p33,483.66622683456194,113.61850524206534,1
p34,456.4737581366867,106.10954189778806,1
p35,468.80746172080273,59.71802806011755,1
p36,468.105304558541,128.27647746866967,1
p37,455.4744743177647,132.1340230127155,1
p38,377.2235133346447,112.90657364311907,1
p39,457.67471029219803,82.3293948837277,1
p40,457.0444038603806,34.717876144400606,1
p41,446.9105872460921,108.09873998704347,1
p42,497.0276407588824,84.87264659673905,1
p43,427.60703105820926,88.39828335265167,1
p44,478.47589932410517,116.33850104845315,1
p45,434.25403672546037,124.89357601301533,1
p46,452.1732209891291,141.56898095097475,1
p47,427.29443296309466,105.68821901620285,1
p48,435.6690277793568,74.61534234455391,1
p49,455.3732790705467,129.34929298178363,1
p50,445.6816618468506,117.47088318621928,1
p51,402.08695023363487,114.87390014469162,1
p52,433.2677170015691,106.40348682695618,1
p53,437.69296623992216,145.56554053190737,1
p54,498.0808449827481,141.64710664644852,1
p55,448.16689619879565,137.1355826496607,1
p56,381.8037923679658,141.52604532378203,1
p57,440.08184967232694,219.1644234701881,1
p58,431.3936422848723,157.25235962663376,1
p59,434.99420313794815,116.07734222368687,1
p60,469.1729273795763,176.6202673229422,1
p61,457.45353507862205,129.69797922505808,1
p62,474.622432745312,117.83401587713215,1
p63,448.94208274906555,228.50566491299762,1
p64,400.39983392901456,148.69790153051807,1
p65,431.8668537946198,153.46967569390432,1
p66,381.10068337847474,173.51010710101212,1
p67,394.47668228996827,188.53231028723,1
p68,397.47025831548376,223.68582264716827,1
p69,400.24461350047136,170.38101871973288,1
p70,446.8190427540999,145.96371628951766,1
p71,427.89077772222527,224.94230546895233,1
p72,371.4781287463487,194.09689908143557,1
p73,426.1170022200706,214.83380167277005,1
p74,379.81219074928947,154.57790965248785,1
p75,431.16150906269087,205.90479006676898,1
p76,421.5830099171485,210.1833765956532,1
p77,392.21491401887283,209.5431499535593,1
p78,419.93778741643706,183.92142354187524,1
p79,465.6313904296208,222.33408946132317,1
p80,372.41423510585236,230.57344530987254,1
p81,377.39077729814045,237.2376009749397,1
p82,439.84974470498497,191.74320122359447,1
p83,432.4366344595747,231.47598047784035,1
p84,426.62351339625235,278.7153902974988,1
p85,393.00937002188573,201.90862294446094,1
p86,372.07789520806045,202.74545834179003,1
p87,394.8256645672244,240.1432305548541,1
p88,403.7979648772465,257.4028124517286,1
p89,394.22902479887887,278.8616144680866,1
p90,384.22425775386887,319.5184724871869,1
p91,409.2423115820347,214.84589937094947,1
p92,356.6372450792375,257.6713458244301,1
p93,380.33533324681,267.2429501369779,1
p94,399.4950783351127,246.25294086438777,1
p95,358.1364755952288,205.5962721854894,1
p96,368.37085025220307,279.3264383930824,1
p97,386.3988669866323,218.84389943593578,1
p98,383.36505313412744,270.3458731029989,1
p99,349.831359130513,265.9569930126539,1
p100,376.25475874085373,229.6035172113179,1
p101,383.38756366600944,283.25194587157665,1
p102,403.2750297306966,300.5665530898065,1
p103,327.56713873057276,243.33001964705863,1
p104,382.44625734017745,289.378727374669,1
p105,380.5289367770266,392.0354715461299,1
p106,380.2709313891045,312.99677575058513,1
p107,389.81545819309014,300.93562778323025,1
p108,349.7730734443013,306.6147572601483,1
p109,334.06677366323976,279.18052275436196,1
p110,340.6957149530215,291.16821905593457,1
p111,422.68626040488016,235.10837081053978,1
p112,371.8090612169593,245.1465046490326,1
p113,335.02300167067796,328.58538055946036,1
p114,349.0540909409158,265.96053453859906,1
p115,323.5964235374308,321.04386512986616,1
p116,321.05957376057694,309.4996914045851,1
p117,342.238041566484,285.7947778401855,1
p118,403.07488135884677,326.6839747300526,1
p119,275.87339551155185,315.5703188042924,1
p120,314.6307197676541,337.8465530082311,1
p121,308.5509429405423,311.1148109496673,1
p122,345.3041308133671,342.79930873150613,1
p123,291.9593492992423,309.04767242150785,1
p124,311.519479269814,301.7251079222132,1
p125,376.5170178017067,335.7028419221024,1
p126,283.49846626937324,353.303697016286,1
p127,382.74739540711533,358.94219932744994,1
p128,271.24555392778205,315.62749025796586,1
p129,352.56423866927287,311.09648112495995,1
p130,325.5881358087312,357.72333531358584,1
p131,282.16877521386704,334.84191242942603,1
p132,210.4283838584401,308.02492943905827,1
p133,297.7657437265652,303.43739091042414,1
p134,351.97827283507485,300.0663313732721,1
p135,287.4545980609164,348.97775213381254,1
p136,341.53107654846167,304.0498258326687,1
p137,330.8117752150881,349.48794947494855,1
p138,264.08272125328364,365.0843597336221,1
p139,297.09811745549626,335.23999708991107,1
p140,290.80605742404543,343.69721348204183,1
p141,289.6906013140997,377.1154503349983,1
p142,331.4261851297108,322.09668581870625,1
p143,345.38489148374424,302.632771302619,1
p144,274.37625369409966,380.79373226284673,1
p145,284.88328285853925,346.39652059322736,1
p146,267.7214813365845,352.20517128415264,1
p147,253.78382813618597,394.3852826799162,1
p148,279.6629561077109,349.9962045776186,1
p149,293.4164063435271,381.8729284818593,1
p150,288.2784897114053,393.39736244518207,1
p151,236.47538950662585,359.5416510106379,1
p152,281.2051598648316,396.480733321596,1
p153,255.58901497837098,383.49587616198966,1
p154,291.964421437031,364.01915714913883,1
p155,267.45461036116643,377.4745075642641,1
p156,241.90737214727736,418.26125515752204,1
p157,270.585425783856,411.44450588660476,1
p158,282.36153758176437,389.39413527005365,1
p159,261.01921520228683,381.16428845128087,1
p160,247.6383880641515,388.259671119977,1
p161,238.16547110314855,411.69367880564903,1
p162,208.0406944836437,458.26885916790974,1
p163,199.7281498653637,360.7130574660156,1
p164,261.9630930957552,422.51320891571424,1
p165,243.24430238675023,419.22137877990025,1
p166,221.444197632473,375.04407745184267,1
p167,221.36668941555723,383.22049923688166,1
p168,245.61726277667833,400.68015588969865,1
p169,188.86014695889077,396.9896521553703,1
p170,223.26478067912637,391.24160343781256,1
p171,183.4524899669766,416.9687714400355,1
p172,212.70096321592797,395.9373179563427,1
p173,188.44438987017946,419.5771537869567,1
p174,156.34740006582416,371.84431117547564,1
p175,175.44192323220034,409.0998475428285,1
p176,203.51883501295626,461.1813985841185,1
p177,217.10890421551133,413.52236249371515,1
p178,187.98739708838573,389.6267448440513,1
p179,185.1726287607078,412.40722051649726,1
p180,192.57120259267901,397.5965979264401,1
p181,195.62325963313828,469.72437966063586,1
p182,173.92498604293627,437.10433700546616,1
p183,195.02885711950793,414.30917954517633,1
p184,178.17599231114386,427.9983583339126,1
p185,171.50422827385523,405.68701932632655,1
p186,166.42213864636946,445.05587242029867,1
p187,206.32630437254954,460.11449471761364,1
p188,224.48502148624726,409.51817653058754,1
p189,183.14922197052056,439.22283683948126,1
p190,219.7563643388691,410.6392943834712,1
p191,125.94602808684958,418.0537768657848,1
p192,84.48906762733117,421.3918205778832,1
p193,122.49318024901855,442.78675696838246,1
p194,152.5741408605733,495.65205400341364,1
p195,167.88167526822713,423.1332748072407,1
p196,109.45733212104261,456.25284309162737,1
p197,93.83701861685196,497.475300565533,1
p198,165.85500852524333,429.473882934231,1
p199,76.099223954926,485.1642437201097,1
p200,121.0723018298952,482.66274750678065,1
p201,73.68480505255594,428.5084200699962,1
p202,118.67810178006295,448.84169018626375,1
p203,102.01611926975853,467.0415237498403,1
p204,80.48101835351025,444.9895099580491,1
p205,113.10442197097161,465.580007860234,1
p206,127.82441410132928,417.2745730379069,1
p207,57.42756953811906,490.1921438019601,1
p208,110.39017350433625,430.23622331994034,1
p209,143.9199221073668,456.9709829100033,1
p210,129.72385910434218,456.3171350066188,1
p211,153.1220531441633,507.7235235183491,1
p212,80.78057405749018,484.9629949859676,1
p213,104.55599182584974,497.60820221703375,1
p214,53.187676657287454,477.8449801932417,1
p215,110.82435530375888,405.1961963766803,1
p216,40.505799581054006,397.45709645129375,1
p217,64.84909935160394,480.8167198366149,1
p218,114.92570182008434,462.1503696047167,1
p219,115.63320039256885,419.1422149752203,1
p220,12.589184112207619,459.47719439744577,1
p221,72.12484528174792,460.7417600548421,1
p222,-4.5117335135582834,459.60856607921903,1
p223,15.282637341221317,482.9124740394002,1
p224,62.3165299803472,435.14657851411334,1
p225,32.801225000014654,432.06776464090035,1
p226,43.232421642183375,492.9801419839942,1
p227,12.433609886059735,479.9094547668608,1
p228,22.987416791145762,441.44452788045527,1
p229,32.57126874750455,434.59654586217204,1
p230,16.057137621736672,430.1210138795735,1
p231,88.49033403492653,467.49920884405867,1
p232,5.436427196963237,473.22505258203086,1
p233,19.9357356469051,460.52130721250273,1
p234,38.60585842691022,490.20073979206927,1
p235,1.139122230941318,450.5064350821996,1
p236,5.674047360822229,399.00916962951874,1
p237,-34.66042608187786,509.33919204035067,1
p238,57.012434169004884,461.1083689436156,1
p239,21.826721748875883,478.1437578169187,1
p240,93.76168401831379,502.60061155717307,1
p241,-5.5782605034107995,440.5345618364747,1
p242,-53.071230517842366,475.4723873790254,1
p243,-30.706463199596655,426.8488560511321,1
p244,-30.552095192308556,437.1982962118628,1
p245,36.31962859124103,496.2024728913493,1
p246,-17.674131517829757,514.2404188083508,1
p247,-18.254730912867362,444.07265015055657,1
p248,21.976742259765995,486.1278234124478,1
p249,-57.975812647014266,464.2799700855603,1
p250,-56.268547601542686,428.5160080710699,1
p251,-5.356245556830228,527.2726296421724,1
p252,-78.24004715625057,486.8495992026252,1
p253,-58.94349693135894,455.2974146774636,1
p254,-60.33686544883478,443.9223715512555,1
p255,-44.249730700719326,444.8247766905347,1
p256,-40.73138656157212,468.1375930368205,1
p257,-59.152500564924786,442.2895574778144,1
p258,-72.42529900693484,492.0302150777814,1
p259,-43.23175161228083,439.874117710531,1
p260,-58.41529060177992,491.55497791528944,1
p261,-114.61217129084409,485.1070589520107,1
p262,-87.54211553234182,485.69741018810174,1
p263,-93.69308048035427,414.1865009970794,1
p264,-122.75187141186647,469.50935297142775,1
p265,-69.26248160761273,440.6514835484078,1
p266,-61.02308366228629,417.6299066225813,1
p267,-85.28797109704942,430.8199092056258,1
p268,-105.98327567080563,468.2276153994966,1
p269,-115.36098100595348,454.9046359580121,1
p270,-62.477832505718965,448.7505945715444,1
p271,-70.71141618418696,431.76260989502475,1
p272,-83.00102000486055,508.4777714680626,1
p273,-176.15472627994478,440.8812016372112,1
p274,-87.80063074496238,458.2345107876672,1
p275,-97.08285631897614,445.72461469609425,1
p276,-108.72088897325479,458.67265504217164,1
p277,-79.38326050657273,470.45492287353545,1
p278,-107.38344962538201,449.92585828092865,1
p279,-135.23106853574356,448.7458568630762,1
p280,-111.85709302151339,448.5140909397365,1
p281,-118.08148831853777,522.8072826810302,1
p282,-103.72124915425277,450.1468202270882,1
p283,-96.89488672002238,447.04819097208946,1
p284,-197.1472910163629,428.3914724565746,1
p285,-195.19537832904695,447.41297644813443,1
p286,-141.58282909900407,507.55655576154703,1
p287,-135.38689212537048,449.97623962679734,1
p288,-123.36733107635766,389.48180718710046,1
p289,-144.23117865444675,478.1892540616619,1
p290,-198.70253095582268,488.6042018605234,1
p291,-147.23047061685872,441.04210646419347,1
p292,-141.4372971617599,520.8116051507689,1
p293,-157.99500700843294,459.30845673401495,1
p294,-180.25679474486998,425.5185047090992,1
p295,-144.5854785232873,424.4643280612055,1
p296,-170.36264411840625,434.93117110573445,1
p297,-161.14868864174414,458.36588893802366,1
p298,-147.3945924607805,432.1317804076791,1
p299,-189.61388287518815,417.1267592851401,1
p300,-197.83729498975714,456.84727293892234,1
p301,-164.78360132829184,416.8831127698186,1
p302,-164.38362730043497,484.2182882615206,1
p303,-181.04096773076026,498.8354119666444,1
p304,-219.62344823460057,404.1556268470897,1
p305,-252.73056758977404,485.3217138217882,1
p306,-182.69049189663681,437.6993886996234,1
p307,-196.86810130603493,404.51027195514484,1
p308,-134.83337996812062,441.04110668756283,1
p309,-207.85583951412602,457.80855494606624,1
p310,-199.63199939023758,441.60476367249964,1
p311,-240.6938365322596,447.8666273814105,1
p312,-163.4288128666496,472.90120480187835,1
p313,-174.99639733951634,415.99989964212193,1
p314,-255.37497802635863,426.34231607994576,1
p315,-226.90219794872948,461.703058396119,1
p316,-282.22715674827595,473.50709589427714,1
p317,-239.0647743255442,413.53936160332887,1
p318,-267.5509217544471,375.40728518652475,1
p319,-215.3477466870457,425.9417512862106,1
p320,-281.588472774768,383.56116307110125,1
p321,-255.8015638191834,471.13762544278313,1
p322,-256.3456238663747,374.6083371896423,1
p323,-258.75140744202923,410.13881130018774,1
p324,-335.0982073332632,415.2918660800976,1
p325,-263.9232857760337,436.38945303858645,1
p326,-204.32124746238355,447.865175293205,1
p327,-270.6421997553741,379.41987840397746,1
p328,-188.1511719851705,412.92216623791126,1
p329,-267.70122307658124,408.934402481978,1
p330,-264.9342942278221,403.82252766421345,1
p331,-290.8349230690734,390.2254591677483,1
p332,-277.3462688806257,388.7891342007499,1
p333,-300.47792615006034,406.728257413002,1
p334,-289.46091734050606,447.08149825389836,1
p335,-364.04980212697603,433.1162190596457,1
p336,-249.83721111582437,336.5616211245816,1
p337,-300.18929913276526,385.9954898697738,1
p338,-334.81266582218257,372.16274026961963,1
p339,-328.57286751734205,446.4070813452503,1
p340,-269.84304569507435,430.31061560083236,1
p341,-278.9104641421408,356.6007380125677,1
p342,-318.9327813555277,403.4452568579085,1
p343,-342.4867695809735,408.42916971175725,1
p344,-315.6475701888381,374.05332537141834,1
p345,-289.7128898799606,396.86818648186204,1
p346,-324.4634595379507,416.5461929151411,1
p347,-348.6479626252924,398.45412287105404,1
p348,-300.99331397208243,368.88323217917224,1
p349,-311.56124916702447,338.81367492498794,1
p350,-296.1718155700295,368.96143309418403,1
p351,-342.1101006961008,404.1242196306677,1
p352,-350.0828022450423,328.52965354453147,1
p353,-378.1636460502295,387.07751830965464,1
p354,-372.3780294221913,419.6390247834486,1
p355,-398.91140906299995,415.9711972365463,1
p356,-332.5992825290887,360.2428227121976,1
p357,-357.74146284832466,373.16948871885626,1
p358,-344.9747217180957,392.3302072440074,1
p359,-342.85825149670103,361.76058294322326,1
p360,-359.6203612407606,353.5482526762626,1
p361,-341.89227352153046,301.94145162497614,1
p362,-393.9735434478936,373.5191783264053,1
p363,-350.7908995066012,343.6614575537805,1
p364,-357.73985988451653,357.55314152890196,1
p365,-376.84872307110686,321.7063930531603,1
p366,-357.13057606419534,313.61938938364017,1
p367,-353.09520559692584,289.7933782422344,1
p368,-336.79173494074297,352.9344831514783,1
p369,-362.2957973317933,366.10840262964547,1
p370,-322.3093196304671,364.91541566124965,1
p371,-429.78313113362367,293.93925609145225,1
p372,-395.5712102372729,330.93724395027846,1
p373,-363.5529388826627,306.1959271163115,1
p374,-375.72198196511215,303.10635063404305,1
p375,-401.8989246830322,281.3535576878271,1
p376,-413.4648359879698,280.7744467309346,1
p377,-417.2444391002356,350.69196339497154,1
p378,-418.6364791089118,395.79811485152413,1
p379,-377.5270280670967,320.1019879045204,1
p380,-420.2350471161422,333.282849346614,1
p381,-413.89680789841333,313.6369838005703,1
p382,-321.9540225310231,304.7846070687728,1
p383,-366.39268658079925,284.2474955145834,1
p384,-404.0202274269999,356.12995278619115,1
p385,-423.86454654886285,355.0293894017338,1
p386,-385.8931323043877,281.41887459965017,1
p387,-390.20872547269533,325.0934961392412,1
p388,-392.5669566392081,246.42123918800843,1
p389,-435.06061867942105,283.70076752174697,1
p390,-417.48962426089605,307.3321578008651,1
p391,-411.92050007136925,246.22475019525928,1
p392,-407.8252152533328,302.16325300386495,1
p393,-404.40169185036285,313.817312010695,1
p394,-398.1265514318423,292.70520892202023,1
p395,-427.1824775316046,226.6246988210085,1
p396,-414.1066527499401,280.195779462196,1
p397,-420.74985465342434,233.16231356990298,1
p398,-463.2151886476862,300.5470771287465,1
p399,-433.8405974712606,286.8734310017084,1
p400,-433.6589459035598,264.785310331109,1
p401,-408.1985680372671,245.86389798776685,1
p402,-435.28600205036247,244.91809304998253,1
p403,-453.01094148569564,246.94089909323617,1
p404,-435.1022856652023,239.2720159134739,1
p405,-405.86760337007536,224.20346985948015,1
p406,-450.90409892274715,235.24587649586866,1
p407,-403.6298802759737,251.71957860956223,1
p408,-417.8086838370118,198.63036217602544,1
p409,-442.46078317300675,267.24954993214106,1
p410,-449.6954430727448,269.87780874145886,1
p411,-469.3576215455528,277.53601535893443,1
p412,-386.5302971887685,221.70215816745804,1
p413,-470.50379149167077,273.5102056238857,1
p414,-411.3761637249048,211.53396607615508,1
p415,-472.97661801484765,216.06716960937032,1
p416,-502.29522392744593,194.2520424233545,1
p417,-493.65957358480705,196.0586257166216,1
p418,-466.13242395636627,223.39011275024143,1
p419,-420.1162126205378,183.67444164050244,1
p420,-438.6236680676343,204.45717172409235,1
p421,-471.14206638485115,228.3636865989676,1
p422,-504.82727386434567,216.8242584681877,1
p423,-467.62208941983596,217.34907695897354,1
p424,-465.39316508953766,273.4489345080708,1
p425,-494.6354616217233,181.0653412197189,1
p426,-495.6149278683748,177.52729447020852,1
p427,-497.4421322118135,227.04961145267734,1
p428,-437.0874983434899,171.43549451298213,1
p429,-506.03764687722827,199.87048953207156,1
p430,-498.98021756143896,201.87760031520156,1
p431,-477.65452164501954,134.5705407559861,1
p432,-438.62782930259607,231.0641206895076,1
p433,-504.729454416283,162.69349057009504,1
p434,-479.0446245887116,181.48692155644213,1
p435,-469.1209846618056,228.8800814803808,1
p436,-495.4243405077567,141.73791608244758,1
p437,-532.7159467754933,140.86409494044068,1
p438,-493.532412603443,213.72628366643414,1
p439,-509.25091563841585,163.6932414180671,1
p440,-495.3809298263083,189.71407454578141,1
p441,-420.2275834528968,135.21162016466326,1
p442,-511.8476545038527,179.53076566869757,1
p443,-477.8181986853068,200.66837986771054,1
p444,-481.84908326715816,131.54269886364676,1
p445,-482.72073955634346,172.6300675401329,1
p446,-476.88080251051133,151.6279931947122,1
p447,-470.53129690222784,168.52288254084132,1
p448,-462.08438276624634,149.93310153129391,1
p449,-509.561614904653,131.89467042065198,1
p450,-469.33298915232604,100.00042705785667,1
p451,-495.4294714924223,109.7174704465662,1
p452,-506.569927685277,156.87434666673644,1
p453,-502.6230537388182,116.91117985882033,1
p454,-550.0565787380856,134.89723821580466,1
p455,-490.7823174042393,174.39319471877837,1
p456,-520.247182841633,113.0504775885807,1
p457,-504.38032863368227,150.77459305309185,1
p458,-515.5496853882455,108.79139891805869,1
p459,-495.2638485897213,102.98363653638188,1
p460,-527.6845890008314,100.16764336937663,1
p461,-482.8543457492598,60.504156415371895,1
p462,-511.82677623293074,67.2458740636871,1
p463,-480.69785662331805,39.49910619478199,1
p464,-534.0310918114362,93.45173672662614,1
p465,-470.9926600923435,77.09911286608153,1
p466,-535.2900475848927,132.4382670442451,1
p467,-562.7308691752233,6.96712568633825,1
p468,-506.7270926905235,54.79336352662519,1
p469,-551.1822432355884,88.02542744441074,1
p470,-513.8296039512084,46.768298370760434,1
p471,-560.1317344577917,86.77660166197296,1
p472,-502.7761319258429,54.53625357425644,1
p473,-467.42318769306905,22.314179366582245,1
p474,-569.1087272316762,30.561340501004324,1
p475,-525.2117507882338,55.51741599979624,1
p476,-531.5629541046469,55.674456455807466,1
p477,-562.3342420270387,85.31832939832387,1
p478,-527.6952482001027,72.41402028996285,1
p479,-515.3720551434221,49.48477612075471,1
p480,-508.96433225027283,46.0978735826715,1
p481,-507.15961948888054,69.42315595140771,1
p482,-520.91002016896,47.69830516439609,1
p483,-529.8424660271162,66.50909360111422,1
p484,-547.7672775524281,74.20907041293196,1
p485,-528.9857208208703,-25.869096404284264,1
p486,-524.2236721242626,-6.505951448874846,1
p487,-503.1136575473532,-8.783413594992993,1
p488,-541.9649531267503,-49.02281916439964,1
p489,-542.3754427580849,-68.1863669416659,1
p490,-576.5304489187075,24.20769944898549,1
p491,-505.62677029496257,11.02299409456106,1
p492,-558.3777625968851,-6.309181594374564,1
p493,-529.6245435117794,-42.76688151684381,1
p494,-484.5427872672801,15.16596005223741,1
p495,-536.3822053977557,-13.488045291099958,1
p496,-523.5906104032234,-78.68699833106004,1
p497,-537.3264976660224,-41.03530758222995,1
p498,-560.0091223987555,-32.14998884490245,1
p499,-476.0595346225829,-7.633142179210365,1
p500,-547.1353696934839,-12.822516559315183,1
p501,-488.00946733048846,-5.402561495396375,1
p502,-528.1716110043028,-55.69112327284351,1
p503,-508.9644767819968,-27.619658295051618,1
p504,-502.986298040818,-23.509893671209703,1
p505,-498.26669872328574,-61.76243588588125,1
p506,-490.12291435126485,-42.91710319419538,1
p507,-467.25864116030436,-72.6596937016196,1
p508,-477.2895642080512,-49.18483558600528,1
p509,-548.7433151629209,-72.77584226264187,1
p510,-538.6237834599654,-48.67028137259918,1
p511,-513.1211885395476,-81.74101297536028,1
p512,-529.3100878981364,-3.395292005610493,1
p513,-476.5066689139936,-57.70559569385788,1
p514,-526.9267002265402,-70.32465847382383,1
p515,-509.3754431196275,-107.73793361520944,1
p516,-535.1968046133504,-130.23837964193527,1
p517,-515.1737015203411,-63.88969894654767,1
p518,-541.3012491289854,-39.20858953803984,1
p519,-563.214272174977,-133.47982645372946,1
p520,-519.3237961004397,-61.2536677037875,1
p521,-475.1359847910172,-109.54870743220951,1
p522,-492.8702878453867,-100.05039942734032,1
p523,-529.96687829955,-75.49559315152601,1
p524,-504.7561860165544,-152.40455926990614,1
p525,-479.547959805792,-66.81449189569182,1
p526,-542.1098531492199,-99.4444765943195,1
p527,-508.00139198601687,-106.5965093816497,1
p528,-538.7913218799653,-137.66023052577958,1
p529,-522.4892246274082,-85.42101123578779,1
p530,-504.8356207265113,-134.80908725544555,1
p531,-497.3942974022167,-212.2310126443325,1
p532,-485.4645551809603,-182.0464036205466,1
p533,-530.1636804048301,-166.52140122372492,1
p534,-557.4745060557239,-101.17875133967169,1
p535,-531.9894170087305,-128.6765042463498,1
p536,-518.6710537596641,-127.82415565799695,1
p537,-514.2445987592556,-183.68448006395244,1
p538,-485.9278618739227,-163.06219600670178,1
p539,-561.7607552048455,-164.14307022668117,1
p540,-469.26878684528623,-128.83829131902272,1
p541,-523.9603079134532,-167.8630939712441,1
p542,-522.3398709531584,-98.11831363812318,1
p543,-500.4037755780583,-150.54974524445566,1
p544,-480.1053321720877,-159.3122929878672,1
p545,-517.9181072130926,-175.38604849216398,1
p546,-511.4089322911098,-173.62629833028336,1
p547,-486.5271394703058,-173.959706839917,1
p548,-485.45307005685413,-180.942288191775,1
p549,-504.1306150491266,-241.46365535235032,1
p550,-478.03842790650236,-174.11384291053386,1
p551,-474.60776919935773,-274.38092117346304,1
p552,-440.89791135395035,-194.65949374825996,1
p553,-469.28605308777696,-224.64119264123718,1
p554,-483.1120507945551,-228.01223915670306,1
p555,-519.1534532979869,-141.94801950664217,1
p556,-505.0874008498374,-195.79847539186693,1
p557,-472.1729114534335,-190.3967034564515,1
p558,-492.65190407399865,-197.25710928263874,1
p559,-423.9330886719572,-212.86624726328037,1
p560,-488.85527154267675,-182.5426444621106,1
p561,-460.5567986785911,-181.36869370208882,1
p562,-473.37669675635345,-254.1796951428151,1
p563,-442.3334239660245,-257.18235792925896,1
p564,-481.03685972576415,-248.31510891918205,1
p565,-490.8014632397803,-218.71107300828598,1
p566,-477.9798698469505,-218.7955952297729,1
p567,-437.93445562999204,-220.71850832275507,1
p568,-492.37768440121727,-208.2651754479913,1
p569,-448.05809760281926,-276.8710986600129,1
p570,-464.49152413751403,-221.85446351320937,1
p571,-489.9938847849012,-204.45681844113093,1
p572,-484.2042933941613,-244.79058972132026,1
p573,-483.51267312113396,-250.91174409200684,1
p574,-509.8089646824879,-297.3931345228451,1
p575,-427.66811019743477,-282.4040903193232,1
p576,-503.8099948904615,-324.3916337188553,1
p577,-491.78450809691265,-302.2682328409541,1
p578,-421.88515841338557,-235.05745340238727,1
p579,-490.3026654506098,-200.5460276736403,1
p580,-438.7003754121839,-280.62177855611634,1
p581,-541.6133988511672,-204.89678568494398,1
p582,-506.7790513376707,-325.7256331828527,1
p583,-432.85823762195577,-205.89998047956738,1
p584,-420.43352404110215,-264.8943272163096,1
p585,-442.52838325201327,-258.91824111177635,1
p586,-435.99547040322324,-278.78402417167194,1
p587,-454.0126827310913,-291.7864651473405,1
p588,-478.11617856334624,-301.0075672866511,1
p589,-504.62767246840315,-298.2057809572096,1
p590,-481.821695965535,-331.0210770059715,1
p591,-445.0754666144801,-258.8005574731,1
p592,-421.2145218410015,-350.3121914758298,1
p593,-476.72806090369573,-277.5997996745686,1
p594,-474.7725714040556,-315.1768027440047,1
p595,-427.0387241665444,-340.0920225719744,1
p596,-438.60503362983485,-353.6552394109244,1
p597,-458.01708398126254,-306.62260477301936,1
p598,-485.959437364542,-305.5721095723219,1
p599,-436.93621618434736,-304.7705412017737,1
p600,-427.79107316553376,-282.9684132470214,1
p601,-428.8972077761238,-339.3105763142871,1
p602,-427.1145673444698,-312.6535506576678,1
p603,-427.43141765951435,-330.2470201083959,1
p604,-448.0549499581203,-353.8521763738312,1
p605,-467.155664341836,-283.96622453088014,1
p606,-460.46011313004794,-359.7169624790444,1
p607,-442.74762325536994,-314.54615893572316,1
p608,-428.07964113227246,-306.4134184651383,1
p609,-437.456248826683,-337.9152560898481,1
p610,-440.3170329856874,-284.3575210411432,1
p611,-448.8744559755603,-341.8317052814814,1
p612,-392.207949077761,-341.11400786117724,1
p613,-414.73958741069214,-359.81148364244217,1
p614,-405.8113462086786,-362.7029379253329,1
p615,-376.13916131138245,-294.34024261408547,1
p616,-419.695326262326,-404.10002310449823,1
p617,-403.5193478199073,-287.9515081387304,1
p618,-422.86679571817893,-318.49289989719017,1
p619,-346.2966486889868,-386.5843366124494,1
p620,-377.4148213351475,-323.42165427048826,1
p621,-403.7003973231479,-380.66431499674513,1
p622,-407.6049398624127,-407.2693548271885,1
p623,-407.44656786289573,-415.8009174996041,1
p624,-384.74533455686577,-404.4241818311839,1
p625,-376.5398132395512,-430.23025997938265,1
p626,-371.3985779329909,-360.7619697563749,1
p627,-438.89477877388003,-376.7465444154884,1
p628,-339.9965831322037,-426.4437430046896,1
p629,-324.37973258854316,-379.755994812542,1
p630,-393.4239086370966,-396.15738604043696,1
p631,-353.22688198555784,-394.34751136890776,1
p632,-351.5037242871211,-426.376766471468,1
p633,-360.2619635472775,-443.28232127651916,1
p634,-366.34271555758687,-430.0878019560347,1
p635,-382.72183093951895,-367.9727395589166,1
p636,-325.55357425865014,-388.85154674083657,1
p637,-388.6862455906165,-418.6732111352051,1
p638,-317.1350497853466,-406.9697480965268,1
p639,-281.5464403888415,-401.4469682228436,1
p640,-342.9505213796438,-424.5301153139697,1
p641,-342.2788538130938,-421.82562519078317,1
p642,-322.6024203446924,-390.53008127967433,1
p643,-364.9735740592948,-461.1323938950274,1
p644,-394.0159677382659,-407.9044762609333,1
p645,-369.55452501170447,-489.6642239764197,1
p646,-322.30779071137357,-352.2052138009341,1
p647,-331.64689819070907,-403.7424965357363,1
p648,-326.49761077233256,-433.75018203117247,1
p649,-298.8561155908964,-441.3621791812206,1
p650,-315.87085672407954,-424.85756300159323,1
p651,-341.38795344357936,-406.58581173045144,1
p652,-324.0351444119961,-460.8419801433773,1
p653,-300.12076749018314,-466.93009411645744,1
p654,-312.78903984230436,-442.0398687135398,1
p655,-278.4648219511181,-429.29934015088224,1
p656,-309.1886170064482,-420.7649606218977,1
p657,-264.1167088436958,-430.30490761602965,1
p658,-302.886594771833,-488.11910699157573,1
p659,-332.5140359556991,-459.6290322797246,1
p660,-316.19876355427664,-457.77310184057103,1
p661,-293.55609440645384,-437.9481854118397,1
p662,-294.7022783224204,-440.90219158255996,1
p663,-287.9744388660511,-516.4027128402637,1
p664,-315.399828705316,-463.0859547684745,1
p665,-320.81155016041873,-442.3731516020858,1
p666,-235.8890758475696,-425.39885304549813,1
p667,-285.4958387976515,-418.8135664767466,1
p668,-271.90364705808247,-475.204456468304,1
p669,-292.0271427688942,-475.70531799960406,1
p670,-282.5221416070945,-463.0408533506672,1
p671,-263.3018824024734,-469.5667744906758,1
p672,-252.24382099027574,-435.4262249738864,1
p673,-234.0889149754896,-517.1625947197247,1
p674,-336.40756435780247,-446.0386270695941,1
p675,-298.0016108222361,-482.2462241509644,1
p676,-289.29499882679676,-530.9801252030326,1
p677,-235.13523367330717,-455.54586358353856,1
p678,-265.85319534726784,-557.4338945475329,1
p679,-262.115356288054,-469.312859522025,1
p680,-287.25699284576035,-476.912728639635,1
p681,-240.50215968109293,-466.3634672825259,1
p682,-233.6003794442176,-514.2450535689444,1
p683,-198.42739231823967,-491.1016808925606,1
p684,-232.27235404212936,-515.6186250826546,1
p685,-241.87241285313547,-515.4213942627977,1
p686,-230.8752152163039,-438.7646692786649,1
p687,-263.9490304266387,-539.7432118713598,1
p688,-175.7544379360923,-498.818313731785,1
p689,-237.05178502869785,-462.5254360454483,1
p690,-232.2307425344448,-440.10795153771767,1
p691,-190.79990721209484,-510.6728984734765,1
p692,-143.48669295866011,-515.3359189184063,1
p693,-183.00429893535036,-489.2961659619014,1
p694,-163.26922290529438,-452.52159292513153,1
p695,-198.4088356506727,-523.0429205874982,1
p696,-182.6106079733196,-521.8267290389955,1
p697,-133.04239740167247,-498.43547765742034,1
p698,-201.43145144296815,-498.00874332142484,1
p699,-227.9070485135432,-533.6964936504669,1
p700,-148.496079949141,-525.2350865167186,1
p701,-212.92496429684502,-490.39008818279086,1
p702,-142.94966614862756,-485.8636730533695,1
p703,-145.63665283996124,-531.0598784364992,1
p704,-215.16395123724337,-464.22088495002333,1
p705,-179.17594818487845,-517.671833332123,1
p706,-126.63014350319082,-494.3269355110232,1
p707,-149.77436149773965,-446.9117687979723,1
p708,-179.7263000563526,-484.8556155741999,1
p709,-155.67496909477862,-505.4429755153198,1
p710,-108.49089079005127,-499.0565078756269,1
p711,-135.15073302621474,-482.88807812575885,1
p712,-159.19808039814868,-540.9921564775073,1
p713,-176.53898915892626,-575.5399531723434,1
p714,-80.44916657648108,-550.3596873649391,1
p715,-145.70922940584435,-526.2627799660413,1
p716,-126.7813540267544,-494.16194540791776,1
p717,-107.11709973414817,-536.7827753198043,1
p718,-134.8686416707959,-511.4501276774744,1
p719,-134.23546781093634,-472.32489144106734,1
p720,-108.96140874371477,-499.0972917828498,1
p721,-100.71644375354605,-486.51838677310514,1
p722,-112.08088272652677,-561.1871257032781,1
p723,-102.42608380378783,-542.3630043882538,1
p724,-127.1770830499344,-505.7520515412813,1
p725,-71.06874037710645,-523.2060229954869,1
p726,-95.84780418240945,-473.2594240298999,1
p727,-94.78279589146908,-446.7375658759136,1
p728,-81.92985597337248,-578.0535956230002,1
p729,-73.18193091300526,-514.2190639882699,1
p730,-53.97403415966949,-505.8619101191402,1
p731,-93.70225956694802,-563.1702493735878,1
p732,-92.69889015532172,-552.3212688862832,1
p733,-100.72128063177152,-509.4930430658811,1
p734,-30.08372229506533,-515.6353625959607,1
p735,-112.9306485203125,-514.4429022549358,1
p736,-38.02665367600207,-546.3602917011677,1
p737,-74.81582078426608,-527.892318175139,1
p738,-91.21035215643352,-509.13103711499116,1
p739,-68.15845731543651,-516.2202798634017,1
p740,-88.0200250987196,-542.1371132238381,1
p741,-36.587826506179226,-540.3857696172405,1
p742,-3.31324355288249,-541.3575638714468,1
p743,-45.24351738637593,-501.53874238286966,1
p744,-91.39606332295803,-582.469000679718,1
p745,-91.475068976167,-491.87575708005033,1
p746,-59.120792098441896,-453.09611607160247,1
p747,-56.35164781742569,-524.3746370944934,1
p748,9.980278635359818,-469.7777354571344,1
p749,28.703535316312564,-493.7391435102743,1
p750,0.7218757743437797,-512.2241915239645,1
p751,-3.507595732221235,-546.5257019179245,1
p752,-48.26294656099295,-530.0617558242366,1
p753,-25.681318818043554,-543.5080176702228,1
p754,3.4566711453702137,-501.1829383845346,1
p755,-11.642413872180171,-485.4273777512079,1
p756,-45.40558208903782,-535.4545200986862,1
p757,-29.52061045915183,-585.5125658512541,1
p758,-7.358261485396081,-533.0209035545072,1
p759,43.66275953827612,-510.2764245178442,1
p760,-29.330344965219293,-473.3905872241101,1
p761,41.16102372296346,-511.3433220765541,1
p762,0.8688797984716317,-557.3626272320114,1
p763,-0.37089749805278416,-495.67050542588936,1
p764,70.46318745340969,-481.7694987234206,1
p765,2.3886740056690243,-561.3695053002103,1
p766,24.407444832943455,-580.5286894575356,1
p767,33.00060856317354,-531.5784727874594,1
p768,12.44709738069352,-574.6467472780081,1
p769,44.956583244526556,-542.4223274747641,1
p770,-2.4308882891565133,-612.2252170556884,1
p771,34.956732394622406,-472.4862676346609,1
p772,88.73292177875518,-538.9436005459138,1
p773,23.93902946527252,-510.7248316190748,1
p774,15.161231384729888,-515.272115374373,1
p775,71.19964087165604,-487.0361735810397,1
p776,48.31396030304337,-529.453184609243,1
p777,28.07724475367006,-547.6287081956948,1
p778,50.71716273059243,-511.26120206011734,1
p779,88.01042060056619,-545.8179710180752,1
p780,108.47131436164821,-529.2773333956213,1
p781,66.13371519497713,-542.9616090961017,1
p782,-2.8722175509848853,-493.406164301292,1
p783,95.03662129771378,-527.7302788762825,1
p784,78.0132764777734,-503.15588525297375,1
p785,32.19524499167517,-533.8299612897625,1
p786,105.96332086334539,-554.892119088366,1
p787,94.00145130329437,-557.2467096297653,1
p788,102.24239798486816,-516.8851109262615,1
p789,42.845660920538265,-480.1211176113378,1
p790,72.30719627848599,-538.599153674747,1
p791,103.40243875861924,-479.0416233983561,1
p792,69.94609857559666,-510.8404239211977,1
p793,116.31548967010491,-491.06867092711053,1
p794,111.76921441697954,-522.0246709655426,1
p795,84.66784640015302,-507.5625263470803,1
p796,80.34546087542009,-596.9014090135261,1
p797,128.61487753886598,-481.23798054682936,1
p798,47.632817722262175,-537.7241935146196,1
p799,140.09226264654302,-444.76480666725837,1
p800,125.13230841773584,-527.3683463844509,1
p801,122.00636659450737,-463.30177992070173,1
p802,111.09287952986867,-527.5249126968798,1
p803,118.96170916201045,-531.1313958376637,1
p804,140.0898817413372,-452.7549141923454,1
p805,149.0613383161268,-508.0109895409013,1
p806,133.5671235197923,-546.2626530878367,1
p807,171.76045341004414,-500.61005928448026,1
p808,142.79154194890668,-401.3712441929602,1
p809,160.10027060324336,-518.589287731961,1
p810,141.2715484561728,-460.43487166822297,1
p811,160.37771518503314,-536.8709160168517,1
p812,187.46641579815685,-512.5829259833987,1
p813,218.99092942522466,-458.93492796361795,1
p814,152.2671765488389,-451.6854328308817,1
p815,170.60961063321247,-463.29410258832394,1
p816,185.99520237566549,-513.011285960185,1
p817,155.01804239865075,-455.4469691743165,1
p818,167.1445305334458,-497.1624392397578,1
p819,151.3891868254227,-471.0342403027546,1
p820,244.76539335983063,-514.439513660638,1
p821,186.45460654066244,-438.7003630216384,1
p822,186.16864158809503,-466.1314718956935,1
p823,159.50730967504424,-465.4713054763885,1
p824,188.57728009487974,-447.34881220523596,1
p825,232.61683141671585,-397.8163528336255,1
p826,217.17892550715135,-464.29433490930717,1
p827,208.4070680860492,-483.2106444505483,1
p828,215.50648138651718,-480.0076555216474,1
p829,213.17293112205797,-430.1302290270393,1
p830,180.68056009246862,-433.95698318806035,1
p831,253.13851488286218,-470.17328321469245,1
p832,152.70802380388784,-483.32653694759586,1
p833,258.0023890665788,-464.22139245121144,1
p834,191.832533849033,-477.1049562332642,1
p835,249.73930867032234,-443.96900645593036,1
p836,220.05180391566236,-469.7680604512668,1
p837,218.15592683904026,-484.8110213846025,1
p838,281.04858566473115,-465.1668549736861,1
p839,271.7703477781322,-408.1994864848679,1
p840,267.8627244339372,-465.11257213254896,1
p841,252.67252877353613,-451.19815934081214,1
p842,216.08611754523082,-439.03324156942267,1
p843,210.45174157942103,-411.4088351527387,1
p844,234.49928932514234,-439.263159921721,1
p845,259.5403250724496,-451.30743634840326,1
p846,271.2352886076367,-456.01340851288927,1
p847,282.3549817210128,-480.3554450701286,1
p848,262.577739097526,-380.00175538684357,1
p849,231.33530009612087,-456.6794313322925,1
p850,279.3098616360039,-429.1210437292858,1
p851,276.9473130587365,-417.978328951131,1
p852,287.9941355856125,-397.4924971767516,1
p853,283.7593305523679,-436.13494940784165,1
p854,294.14235988338464,-369.99874127706124,1
p855,272.47451443501126,-454.3133853279643,1
p856,312.14222662377637,-426.7556509869173,1
p857,216.21380386363512,-395.77275497378156,1
p858,267.78583506673266,-421.94714925263645,1
p859,296.2444908736326,-411.536539705995,1
p860,309.9955493885162,-428.32121250498983,1
p861,306.5195005335746,-421.03290373219244,1
p862,315.6922952113474,-392.76023098533216,1
p863,267.85370158910155,-376.60149415910996,1
p864,282.213974523057,-382.8839564196174,1
p865,311.6745520638662,-349.9100245113761,1
p866,296.3019542459702,-413.4500765956371,1
p867,304.7602000917281,-409.9662798543978,1
p868,331.6646611187737,-447.2458769321846,1
p869,278.3662167868191,-428.66176075865565,1
p870,340.7827807235516,-343.165912533248,1
p871,311.4234276375503,-397.3912167892235,1
p872,318.92821779979795,-355.2981633657077,1
p873,291.262115471019,-380.81717202887216,1
p874,350.58091379289755,-370.7350135064473,1
p875,329.24083909123596,-353.5220078162596,1
p876,244.6708698146657,-360.98872531349724,1
p877,308.34597101709284,-434.00169640243007,1
p878,345.490590429703,-335.6168965515136,1
p879,328.2031096546926,-345.9706677775861,1
p880,382.8526614503653,-332.82611935682274,1
p881,385.8266089924218,-347.7128646290528,1
p882,341.0195678461347,-415.72537841742735,1
p883,333.4890117254712,-390.6401861278457,1
p884,408.0988542370254,-368.28250809009603,1
p885,348.75167901876443,-344.1113713806118,1
p886,348.4337637592255,-307.4413466635557,1
p887,330.5014767923275,-350.07863899332193,1
p888,328.9471379347825,-393.12865612134334,1
p889,334.8934306775165,-352.23743049974433,1
p890,342.37755465237683,-369.4846242705605,1
p891,315.06200618921184,-348.7782481354232,1
p892,314.08953956258176,-321.0440017346621,1
p893,363.6685978763291,-385.1204352280043,1
p894,353.86794375681364,-361.49449871288454,1
p895,374.6527415004206,-296.2400134457939,1
p896,310.74002523454544,-330.51436647288006,1
p897,364.0932359022863,-311.3245685509983,1
p898,377.1793912825691,-351.5115714809238,1
p899,363.08232478556255,-350.3091857846342,1
p900,406.78871134543164,-323.25327668607844,1
p901,433.38280278913726,-323.16506424872654,1
p902,356.9174223512781,-364.19778348951866,1
p903,325.88186437504794,-363.74014108745996,1
p904,389.7800983445582,-298.37272386648027,1
p905,336.10456607631704,-284.1905395037817,1
p906,370.8061180474031,-304.0340178845275,1
p907,435.4058356542482,-278.9177558382493,1
p908,380.708100583896,-329.9329401295931,1
p909,325.9178291092053,-322.1352256407106,1
p910,385.83005558617685,-327.52878330403365,1
p911,389.90125902977246,-292.95003566460406,1
p912,388.7515614431037,-312.08739240535147,1
p913,402.1983560086494,-276.6504518232725,1
p914,366.0513557735409,-244.89179549836487,1
p915,397.413369533444,-283.95521918684017,1
p916,423.2081412941143,-274.81511687997545,1
p917,432.12944959964244,-270.4788277136906,1
p918,386.7187560955497,-265.5185650179628,1
p919,372.31944118534034,-270.3682716893703,1
p920,407.15644030259796,-277.12034276903387,1
p921,405.8020297521103,-324.5745731988985,1
p922,394.6838659852478,-262.5666190484328,1
p923,417.41134742614975,-293.4057932665077,1
p924,452.0394596327133,-285.7751757571789,1
p925,444.586978109986,-244.17941901362295,1
p926,397.5338927803179,-200.93228126673066,1
p927,382.51141343992344,-223.8044903111508,1
p928,449.7200953244749,-268.6764895977656,1
p929,462.8409386860313,-253.22941827844807,1
p930,431.07433511140556,-235.0799906193995,1
p931,419.7129500264421,-215.71861601110965,1
p932,448.85764695906414,-289.64374969378764,1
p933,465.476000988096,-284.1992970092447,1
p934,458.59697244070844,-197.65206375200393,1
p935,396.14831993553463,-240.89837395602774,1
p936,396.9447836283571,-232.13446432726332,1
p937,422.0953414094853,-199.40218017061787,1
p938,471.84786580081726,-178.01903343720187,1
p939,416.8575358699817,-223.2562590812358,1
p940,384.38509717749724,-238.2383783372246,1
p941,464.9811052220291,-162.67019864582602,1
p942,400.1340050719084,-225.97986713121207,1
p943,437.48277066532836,-196.8623253310414,1
p944,415.0788232292877,-189.59963025333568,1
p945,426.22520406498523,-199.8025282489941,1
p946,457.8837953865433,-196.217104167165,1
p947,429.4399608741054,-196.73230894524613,1
p948,440.8982637212122,-201.57213580006834,1
p949,436.78419061513426,-139.5338447125108,1
p950,462.35584158581395,-193.37290672834865,1
p951,467.3983028939315,-191.53221950906715,1
p952,482.62601150092075,-167.43152502257468,1
p953,445.13696145928844,-162.08657563982743,1
p954,402.1346099466329,-206.31265530228225,1
p955,414.32909264649993,-165.2072601767032,1
p956,502.98928577759574,-99.53696337288362,1
p957,471.0033721882275,-148.4256604118542,1
p958,398.65908739205474,-176.70096713696904,1
p959,429.8672313239703,-176.01079078922467,1
p960,449.24726600677195,-168.50766091334106,1
p961,395.6843039337793,-128.86230771417775,1
p962,423.6335756851429,-141.07209258852765,1
p963,518.7717355835624,-172.776251085888,1
p964,381.35481071089873,-150.71550713109366,1
p965,490.98717001933085,-80.3211970716534,1
p966,421.74757395052416,-121.1025782639318,1
p967,445.33113845933445,-136.1097550140646,1
p968,539.2578266026345,-174.94410010905818,1
p969,468.1574485665043,-112.74393887246697,1
p970,493.71721511252474,-120.75116268873548,1
p971,470.96411868278796,-132.3523388362222,1
p972,470.3559755019559,-127.80729775256032,1
p973,481.4694542701806,-125.5050324376757,1
p974,474.6559839209997,-112.19646700799106,1
p975,497.62567782073387,-109.75904422777015,1
p976,411.1348983227506,-67.25514953895865,1
p977,437.6160902754469,-121.61838143559075,1
p978,447.3608740270209,-57.662002547194334,1
p979,401.58358911539244,-1.6497235363414546,1
p980,497.7390549292205,-85.9694493582771,1
p981,464.79448226641824,-80.98195780170512,1
p982,482.4393281113844,-67.07172485823884,1
p983,483.8185291786029,-80.6181566999724,1
p984,461.55535588143033,-84.7190559352129,1
p985,461.93373389095956,-43.04105375324508,1
p986,485.8735062400121,-162.13725731530005,1
p987,488.00998731290775,-64.95321994251533,1
p988,468.01818743693,-79.31895635663294,1
p989,502.529634780193,-36.10421899351691,1
p990,445.8270341794275,-49.18369115092058,1
p991,440.0510730182489,-99.6478121846803,1
p992,450.5669615653098,-29.25035491840191,1
p993,498.11021870034494,-36.59149655601375,1
p994,491.3976099257345,-33.35974272151836,1
p995,450.50883232617724,-32.74770319884596,1
p996,493.85438039848043,-19.936307827261295,1
p997,505.5785773346438,-18.175104441672154,1
p998,480.50396832815557,-4.17851279218321,1
p999,469.1944926505967,-59.597811519610936,1
p1000,465.1079910816871,-52.347079344193595,1
p1001,249.7325666020299,-31.642802577166147,2
p1002,246.17906274871862,-33.853547749742035,2
p1003,213.08279949469278,-15.523783925113,2
p1004,269.84282135386314,-43.743798141671064,2
p1005,289.47529001536657,11.586553233951228,2
p1006,221.33824094112705,-36.732790333347964,2
p1007,246.33374803486254,-39.35993717447194,2
p1008,294.11112283980265,-14.290943134770323,2
p1009,261.08618338708607,-65.90707885963741,2
p1010,287.85482910484853,-40.28595917457413,2
p1011,270.3368536837632,7.893934799478799,2
p1012,309.08116665009504,-37.01353392041588,2
p1013,177.37454787621908,10.442417394357701,2
p1014,321.649745839669,44.76836065747439,2
p1015,273.57471098861924,-4.479105823664781,2
p1016,291.1251730150098,-16.269641027798215,2
p1017,280.80487331821587,30.764155643378935,2
p1018,297.89919313421507,101.04948405144185,2
p1019,277.420275085081,5.646517958975714,2
p1020,264.4116472138291,-29.505208707082545,2
p1021,243.84478128593486,13.935921232324262,2
p1022,248.44707974452825,33.4278374107402,2
p1023,238.9569896086474,65.12616615740323,2
p1024,263.0719983769402,33.8493368634759,2
p1025,252.64153215915957,41.41200070266369,2
p1026,286.6203445220725,13.364929007658631,2
p1027,241.48940976461776,32.884020217469825,2
p1028,220.19882063439292,20.029230357811493,2
p1029,245.60695509082743,73.44379573097251,2
p1030,267.06569807881374,55.61875101102886,2
p1031,283.9877747162838,48.28240318873516,2
p1032,269.4235183775564,51.89276836184993,2
p1033,264.8960003035784,40.08567793196252,2
p1034,182.97305432371476,56.11202432124643,2
p1035,297.9993989715442,90.491560379732,2
p1036,283.435277923903,102.34625005963983,2
p1037,256.2665602607138,73.73135465787043,2
p1038,234.18790527617995,60.8713723107421,2
p1039,270.2784483558113,109.00368041130392,2
p1040,246.68707292149116,61.906769278860466,2
p1041,249.9288182115312,95.96545678641553,2
p1042,205.61730128246916,11.55193721128623,2
p1043,231.41433362811873,46.31520683489282,2
p1044,231.6613343251999,80.99328481895662,2
p1045,232.26087949474478,131.48153553029942,2
p1046,254.5912409545196,99.3930558652671,2
p1047,262.3635394907384,58.67544848424407,2
p1048,273.7570547924704,93.01923339557553,2
p1049,261.5625342570423,65.57807047831713,2
p1050,193.6778973902438,124.70181147601826,2
p1051,250.4037140990161,75.52442227124271,2
p1052,211.82062214562478,138.75917746007943,2
p1053,201.0056591428381,156.67561122859917,2
p1054,208.4254088054855,128.93539947499895,2
p1055,224.32010528455183,130.25622167436987,2
p1056,216.5685839497333,109.64231504834575,2
p1057,232.81174313803038,86.81433791607154,2
p1058,252.47998687791906,103.82558017981901,2
p1059,222.04737953770453,91.72150905409492,2
p1060,150.66462831670052,118.13895034376675,2
p1061,298.52161284889166,149.71330786002326,2
p1062,224.15321407462625,120.58126767967727,2
p1063,223.97235443496595,147.16161194895528,2
p1064,186.42093771815783,166.44478417850786,2
p1065,241.8334155796281,156.8146662068688,2
p1066,232.0327303358412,138.09823991971845,2
p1067,237.5507257511468,157.49131408690567,2
p1068,205.21016823468884,124.74231146976962,2
p1069,217.3337732521732,190.62059014532764,2
p1070,175.5318860428672,102.30981771516873,2
p1071,216.0553832863321,150.03358988629165,2
p1072,214.7008418429227,157.9825560230796,2
p1073,201.17326213349844,197.50230882690488,2
p1074,158.19178370410816,130.0792122244336,2
p1075,201.4518019359375,107.75127622299503,2
p1076,197.58545718994378,208.98879318525465,2
p1077,201.78056748161563,168.14822409616738,2
p1078,161.6232898531021,144.8034566671639,2
p1079,186.42811687864858,155.81437472038502,2
p1080,234.37075365119637,184.1123496036675,2
p1081,160.79693064433394,176.79664871898785,2
p1082,207.28849286986002,205.60979879343915,2
p1083,237.94131851310425,142.94009739913017,2
p1084,164.36486289011333,137.6367960111681,2
p1085,179.81786337500807,191.3095459294494,2
p1086,214.58889540081074,176.978223714435,2
p1087,173.48651542277182,185.73059459214568,2
p1088,156.12356777578282,245.76810277126026,2
p1089,131.02692361016895,190.5110772700094,2
p1090,238.0269812729486,187.04245448501734,2
p1091,169.66296072856176,177.9672255421106,2
p1092,167.981172701094,231.71055215634894,2
p1093,105.04947029791603,238.34485145384622,2
p1094,126.68279079252338,186.14109947541243,2
p1095,154.50428517295396,213.57803789420487,2
p1096,117.40209706655963,211.54918827082497,2
p1097,224.02358760695387,158.5330126704952,2
p1098,166.9183819529188,181.29450749883847,2
p1099,171.9213043992052,203.43552264537846,2
p1100,137.80233328629078,219.18561328654113,2
p1101,209.0645662614433,200.49178930658462,2
p1102,174.39914393328792,169.07114103640765,2
p1103,121.97086878128441,223.67278024822176,2
p1104,193.03043968669013,221.7809585128064,2
p1105,136.94383477204735,212.68384047518484,2
p1106,106.63775358138054,232.41354418497457,2
p1107,168.42035652637898,202.26867957792714,2
p1108,125.63562564187932,225.34123556170366,2
p1109,124.40814810768092,216.89447973277464,2
p1110,198.26074811062625,212.96120509401086,2
p1111,122.26492877780507,202.41906800836838,2
p1112,153.07379763869713,217.8616524540614,2
p1113,108.98680140628254,264.37014643484844,2
p1114,168.7632693584917,208.13044322834304,2
p1115,67.87358468095334,257.7600487756675,2
p1116,101.01309551955023,252.62414497278814,2
p1117,60.11887264261159,257.0331766642945,2
p1118,80.5448037110923,253.50709144815443,2
p1119,114.95429426560761,204.2738214312597,2
p1120,99.9495093540962,254.7682132657224,2
p1121,112.96047530020454,252.97642025909602,2
p1122,166.68864016638486,189.76076757752642,2
p1123,153.5125111766951,241.04119270956195,2
p1124,75.6224474522742,199.20201954392087,2
p1125,94.49151001195645,267.94016372845954,2
p1126,93.90731385819582,286.78276364722626,2
p1127,51.756891290092625,242.22103273448067,2
p1128,55.26863868527363,254.60628164818533,2
p1129,116.9854467798613,232.16604420601834,2
p1130,9.78109379736307,251.82677616933003,2
p1131,98.52885093548615,259.0343829034701,2
p1132,120.01004536698227,215.79882872339476,2
p1133,100.84384896891692,284.70817114081467,2
p1134,24.5716267983466,259.50253422340256,2
p1135,60.28705229417268,248.42478099887177,2
p1136,83.3174418023896,237.18845693927042,2
p1137,50.0823156167053,253.74203466385114,2
p1138,35.19450526981851,221.0320786653151,2
p1139,85.64352689414844,220.00953233140822,2
p1140,82.69447333976059,269.19469367416457,2
p1141,8.366197323117731,235.8106295019379,2
p1142,93.39171975173122,227.500163887399,2
p1143,41.057293080543246,271.5713996772466,2
p1144,75.90527211919495,250.91466926990978,2
p1145,31.885747829253305,301.8599540597112,2
p1146,99.37911022351814,289.25932282062104,2
p1147,47.1665104264072,236.32697668936152,2
p1148,17.082468884072867,276.9083275948482,2
p1149,51.93078210564619,303.9153543704363,2
p1150,56.2697829629785,217.38596460175256,2
p1151,65.68677502932195,233.12396760996188,2
p1152,19.9761079790986,271.1355937676642,2
p1153,88.72721594324753,357.46728836272683,2
p1154,44.4160861498029,259.19027665699497,2
p1155,39.602237894007516,291.808539355804,2
p1156,11.295397963485009,319.50413674708767,2
p1157,25.161805659851648,281.0251885819905,2
p1158,35.57777843001402,279.16173855596287,2
p1159,38.104959977424244,248.3938995194828,2
p1160,-6.479072873084249,234.28030154122956,2
p1161,20.785006987898136,291.00250549970673,2
p1162,18.660117036303486,318.19468555126997,2
p1163,2.0831974882861246,288.3236584427109,2
p1164,-33.178399623446346,256.92588370154135,2
p1165,17.757925398003458,294.265351520866,2
p1166,-14.610216357360212,266.8736510706624,2
p1167,-54.01237137201045,258.5160015576519,2
p1168,15.548650764387645,286.6641690116785,2
p1169,1.1689246650747815,271.05824748762507,2
p1170,-16.328656136000145,249.88828577819098,2
p1171,1.733713396450769,282.4358454246781,2
p1172,-7.162029706517121,254.11019422327894,2
p1173,-89.21498945670812,302.86624173132833,2
p1174,-41.67236613595271,244.10464192996773,2
p1175,-9.195632642580104,258.2396208024261,2
p1176,-0.8946660229006604,288.4980933385623,2
p1177,-14.878218443414788,228.97298904270144,2
p1178,-1.7190852921067865,277.728755440322,2
p1179,-51.84717496776071,274.108311113264,2
p1180,-96.746506092104,281.95750430681454,2
p1181,-77.03009826910053,228.98492829689025,2
p1182,-94.50793144533068,302.7886697781792,2
p1183,-70.4017428391974,315.23870887934515,2
p1184,-70.2828359641341,217.800889898616,2
p1185,-90.38752586948974,305.8666367987799,2
p1186,-64.249571998833,252.09025588105538,2
p1187,-57.45053127757379,283.31489085996185,2
p1188,-31.40496657467299,311.41488944763165,2
p1189,-78.39302944296381,227.85297981188222,2
p1190,-82.67393457899483,275.093343727867,2
p1191,-101.8495127496541,238.1969676690392,2
p1192,-65.28641442188352,265.05456969041575,2
p1193,-77.27577302176189,243.3380358682466,2
p1194,-87.82744815637368,237.9208017416689,2
p1195,-56.86111610584731,296.23635662130147,2
p1196,-141.60003024286013,236.80084941283428,2
p1197,-133.75306890243087,244.66901365035906,2
p1198,-93.99838523137987,220.14023098915752,2
p1199,-121.78414089139369,232.94706526694932,2
p1200,-90.53826030492591,264.5587037656346,2
p1201,-121.03096207910318,267.17202274622537,2
p1202,-118.39620361838769,253.08325112709386,2
p1203,-54.40340344050027,300.7887798922998,2
p1204,-146.1995574174186,284.78555383354245,2
p1205,-85.46915703525468,224.74095954617746,2
p1206,-87.84022752807117,304.59879340362124,2
p1207,-148.6657651371572,230.1844882492618,2
p1208,-87.03859365500486,265.0799891463589,2
p1209,-103.59611092964984,266.35524556402254,2
p1210,-110.98422068463981,215.5227910392136,2
p1211,-93.84279720680979,289.5610531590011,2
p1212,-134.69360575774334,252.30252403745482,2
p1213,-176.28678306822525,268.1451048197455,2
p1214,-115.72542404481509,249.93958335269778,2
p1215,-101.68184642828766,240.848144262523,2
p1216,-120.991076541734,219.32304928506983,2
p1217,-141.1439303316305,243.70231802939037,2
p1218,-136.1773419510893,236.84463124786552,2
p1219,-149.3708722536308,271.6869553978644,2
p1220,-161.01043661332352,197.66101874327487,2
p1221,-97.89130795077958,286.2325203771646,2
p1222,-191.60832287083565,264.3885593267922,2
p1223,-170.3814051081796,250.48831762979415,2
p1224,-148.9070635991169,234.41588173031627,2
p1225,-183.6780917028593,219.57442880123796,2
p1226,-190.07172636640524,214.15676206917732,2
p1227,-167.0114826291169,216.43771491054312,2
p1228,-146.93386065954164,281.30540058893575,2
p1229,-187.18523894784866,242.62616586098292,2
p1230,-157.17004543281155,248.3387276845996,2
p1231,-172.2474441930319,255.1724765639508,2
p1232,-162.41249300909593,194.4542952063398,2
p1233,-153.14730524228838,256.87398163331756,2
p1234,-204.45057341770766,230.0435120613332,2
p1235,-163.36991343743975,221.25522349317905,2
p1236,-153.98583779010215,297.0593250390851,2
p1237,-212.04757353497467,183.2996873720449,2
p1238,-181.63348062555266,244.94525280438884,2
p1239,-199.94112455378468,265.44314207705423,2
p1240,-235.42726842732822,241.15953480733918,2
p1241,-215.68556481166553,270.4597953577683,2
p1242,-139.9614294796207,194.36519103864188,2
p1243,-218.43707873393404,241.61902617231368,2
p1244,-215.76390509415742,212.91574785634648,2
p1245,-205.5739230714696,155.11490362655456,2
p1246,-208.9220912134382,190.42072482731146,2
p1247,-225.45764475781772,252.8095520158749,2
p1248,-250.5016124972201,232.2654853749819,2
p1249,-223.30301087779517,197.8260980035286,2
p1250,-193.3357836760687,214.7509835774757,2
p1251,-202.02629829682814,231.9066291388918,2
p1252,-231.16644842010652,182.78687079750435,2
p1253,-255.8488147050822,174.6659169089109,2
p1254,-136.87299486381022,235.02439571047034,2
p1255,-267.9138487681544,156.2477010987762,2
p1256,-214.9455235144729,210.55861327378395,2
p1257,-214.93881257828016,184.6931666083456,2
p1258,-237.15655095405322,200.36148364083377,2
p1259,-232.7873415898066,122.11157704399747,2
p1260,-244.2127836133152,161.29626612040806,2
p1261,-234.0004118564553,274.52662998124003,2
p1262,-230.1534048604543,173.67605053524528,2
p1263,-215.42789606109952,195.6584914409599,2
p1264,-232.36602518958236,197.46227222018092,2
p1265,-185.1421522033312,143.39214163628196,2
p1266,-234.48162592207976,147.5726978791605,2
p1267,-233.85971852578552,145.83232780938351,2
p1268,-264.86284482310896,162.55263021066406,2
p1269,-224.86616777210355,196.95513868430018,2
p1270,-293.2929610944748,169.02964111190926,2
p1271,-278.9714039308418,127.59068030281206,2
p1272,-265.9387443210105,154.0398152546738,2
p1273,-188.35247824237106,174.21599168542784,2
p1274,-304.18961434553296,142.20146808828594,2
p1275,-233.90794587752697,219.70022374371783,2
p1276,-313.7984024255423,98.53639141366972,2
p1277,-211.740374511389,164.49483098996964,2
p1278,-295.5493738681014,166.70283266949772,2
p1279,-350.1849902197429,148.60822402852608,2
p1280,-262.87046312719167,174.06367987387685,2
p1281,-304.69496296308967,146.72060044257287,2
p1282,-303.5941283447071,149.61187732690627,2
p1283,-304.22527834303287,127.4938648998578,2
p1284,-308.75292001525617,157.04382744360854,2
p1285,-254.61844261669083,128.2304773369084,2
p1286,-280.6981823286223,89.55739089943546,2
p1287,-292.28867709080805,129.24189998244674,2
p1288,-206.1072327357588,95.10898178270047,2
p1289,-242.217833037931,156.0809424270569,2
p1290,-279.11554594585573,176.62839774762588,2
p1291,-277.7422128196992,133.22676616238823,2
p1292,-291.84887610584155,155.92905364652557,2
p1293,-258.6900908618322,98.1096429646294,2
p1294,-332.46941985112204,108.43668310864497,2
p1295,-318.1798164889508,110.25486150343897,2
p1296,-258.32088680439733,96.06459205414384,2
p1297,-297.97271736820517,109.13610467517225,2
p1298,-272.457588117707,37.58945390809822,2
p1299,-317.31243715904947,108.92447967035231,2
p1300,-264.2882916779199,85.40804831008131,2
p1301,-357.74469692106203,116.32513084850596,2
p1302,-321.64457283463116,59.60216221892861,2
p1303,-322.427686860833,87.30468128799173,2
p1304,-322.93123795259635,24.211843363970274,2
p1305,-278.94634585882125,126.15376073453878,2
p1306,-287.359880514434,51.296124270736385,2
p1307,-313.97518513129177,82.74094015543399,2
p1308,-290.9691140796181,100.48758046694587,2
p1309,-331.93819340918805,80.389121010949,2
p1310,-297.15204905346394,119.08711688880584,2
p1311,-290.6701176679353,96.5588479175051,2
p1312,-310.20266330132955,112.66733234765886,2
p1313,-301.31394865308573,41.97924613049548,2
p1314,-272.37225428241214,86.19942658162424,2
p1315,-328.6082755224005,48.320309290506955,2
p1316,-307.24030271778474,74.03594304486319,2
p1317,-311.01636185265323,66.90769786359667,2
p1318,-266.71085164239827,87.13571551687147,2
p1319,-312.74176811329386,80.64287426374167,2
p1320,-350.1645753145821,61.74886516840684,2
p1321,-265.61439080517385,40.670743447819575,2
p1322,-346.00396619716184,25.044299491664745,2
p1323,-353.9218955571471,18.452943836938736,2
p1324,-332.98263953974435,-2.788175096373493,2
p1325,-322.00982363605897,63.824595400493905,2
p1326,-350.2984718338019,79.70686420688749,2
p1327,-308.3058249242855,62.41266370639095,2
p1328,-343.90476829813014,54.49294806172709,2
p1329,-357.444192230466,52.921819400812765,2
p1330,-320.0236963857829,40.16460503913467,2
p1331,-360.91563423846355,-5.936668538097372,2
p1332,-308.17604936164713,-10.190757242616357,2
p1333,-312.6179514745555,-25.414083325427164,2
p1334,-301.4662687358904,-24.038954479719315,2
p1335,-310.7159303999947,29.038907754676842,2
p1336,-348.5375649472306,25.060767081833166,2
p1337,-320.1466446508372,-11.238324634035152,2
p1338,-358.5180492972217,-56.627692697019846,2
p1339,-318.04937335678255,-47.371456480128494,2
p1340,-325.9319622153324,-11.011653811437252,2
p1341,-308.6473453632585,-14.85257291213065,2
p1342,-339.1103111722629,13.479962157062793,2
p1343,-319.35627765595797,-1.6781654257225789,2
p1344,-315.4870091779405,-59.918210672574595,2
p1345,-306.9942595627849,1.833512925562717,2
p1346,-360.3071509502913,-26.553553419851294,2
p1347,-331.0704581321353,-25.957498678352998,2
p1348,-319.9358613816614,18.32630159436474,2
p1349,-297.5349130210765,-66.67381825864268,2
p1350,-311.33790029081854,9.86799958606246,2
p1351,-318.38365923058524,0.03665521127970983,2
p1352,-269.5835470076945,-4.6740117562195875,2
p1353,-322.4119816340545,-6.724750631156176,2
p1354,-325.4600221000897,-40.05176949182587,2
p1355,-340.24034703380636,3.4429516598089407,2
p1356,-354.1178968504563,-0.17792128329489287,2
p1357,-314.4120948162703,-90.8163411028521,2
p1358,-318.19739879210755,-114.52463625796244,2
p1359,-310.2563881214734,-27.651847582895336,2
p1360,-346.56296686813334,-53.185361792362414,2
p1361,-269.91415176326484,-74.74502778859107,2
p1362,-360.0286363866335,-17.801175979279364,2
p1363,-269.08229683492,-64.81606089631137,2
p1364,-297.2905193320927,-27.355692603364723,2
p1365,-349.559455506532,-84.82915480633253,2
p1366,-289.98525972124844,-22.38631660208047,2
p1367,-309.6277144322986,-101.99448147344162,2
p1368,-266.4810625582654,-94.1888098184684,2
p1369,-335.7019295048616,-70.64529169551193,2
p1370,-278.55406395814566,-57.94778914302412,2
p1371,-312.24021020774927,-72.3157384721741,2
p1372,-322.8642916232621,-72.11300581417322,2
p1373,-399.5163899109425,-100.39346990976298,2
p1374,-315.8261283818909,-128.65876900621944,2
p1375,-310.88867412020033,-102.8904168164778,2
p1376,-269.20312563257875,-52.18824372253987,2
p1377,-335.20707151042035,-106.5209324277705,2
p1378,-322.79337530684114,-118.15675043424505,2
p1379,-314.04283177632345,-129.9605823762183,2
p1380,-353.1073182568818,-91.1297169529943,2
p1381,-299.57494832459037,-136.53302963051675,2
p1382,-290.8489099568118,-133.93675282478463,2
p1383,-309.34017268045005,-92.95811728193624,2
p1384,-317.14594601311904,-106.49817182260142,2
p1385,-330.8098442051733,-128.599095815327,2
p1386,-320.6491363125781,-147.6596788016604,2
p1387,-318.9100574253442,-174.2704324016148,2
p1388,-327.4520745534736,-138.89982279264368,2
p1389,-319.4907064375385,-140.13207067236272,2
p1390,-312.72338718772505,-121.02920168182074,2
p1391,-283.6774672218576,-157.42221112399,2
p1392,-345.0289714281498,-171.69869817269634,2
p1393,-322.5465267487141,-153.4942191468128,2
p1394,-330.00542224054294,-184.31019431097752,2
p1395,-319.5419565896609,-142.46471089275778,2
p1396,-286.93801404138304,-167.1015166701918,2
p1397,-316.0872598337394,-180.64139128308634,2
p1398,-303.5268762811057,-180.7450210173637,2
p1399,-284.2542813425699,-211.30978222754504,2
p1400,-311.07955054429965,-151.13190155951503,2
p1401,-293.5963928264155,-81.79495898255303,2
p1402,-287.4165138468285,-195.11777183289652,2
p1403,-299.55194334153015,-220.68281263491374,2
p1404,-297.8620233238244,-194.7753234167701,2
p1405,-266.7169512902166,-188.64680697976547,2
p1406,-296.39498148701654,-193.5928374726466,2
p1407,-239.4186273205588,-186.51724457305295,2
p1408,-235.27854521093923,-154.79743431041854,2
p1409,-274.44337517784356,-170.48999587282458,2
p1410,-275.7207191340724,-241.69996060214,2
p1411,-294.5096520250269,-160.82044008755284,2
p1412,-286.1979409708813,-230.62368796003238,2
p1413,-284.8705111679286,-139.6248730060342,2
p1414,-244.43857071138166,-194.87525361942255,2
p1415,-251.8284978046483,-206.26430504667218,2
p1416,-329.99460577635097,-225.2437198327853,2
p1417,-230.4782256168964,-207.95668252954337,2
p1418,-283.13290894417014,-210.94551054492302,2
p1419,-217.1539867071234,-155.37121813961002,2
p1420,-206.1416913090403,-211.10693199974332,2
p1421,-262.24382338682386,-254.0062353132348,2
p1422,-225.1925591282623,-245.6973466238626,2
p1423,-261.36606285966377,-245.72548149782773,2
p1424,-283.8849078605645,-240.0519958993319,2
p1425,-282.7857025606836,-233.22062165208928,2
p1426,-279.3091531706583,-194.14467086000482,2
p1427,-294.2998566246125,-214.6109541141908,2
p1428,-222.8894582391128,-238.6901898437501,2
p1429,-279.2215750107948,-232.2615663784795,2
p1430,-220.52968355026206,-221.5583888533129,2
p1431,-270.0770981906729,-214.8852058303864,2
p1432,-285.41060491004924,-210.96454232451262,2
p1433,-238.26687868500005,-242.6271772881327,2
p1434,-273.8481621798405,-261.9645594471102,2
p1435,-230.79393905784025,-200.4493796213874,2
p1436,-264.0880923140016,-225.5051533171661,2
p1437,-305.6927516784793,-258.71638674439936,2
p1438,-242.1096228108106,-270.37244362987207,2
p1439,-267.3519456673987,-265.0022465972042,2
p1440,-228.55301284626836,-252.45832970040857,2
p1441,-302.5110687783558,-312.31159280547536,2
p1442,-251.59887848968162,-236.79450033444635,2
p1443,-313.83047291955825,-267.3337456995053,2
p1444,-245.1889410615504,-212.49053600619138,2
p1445,-238.93227213329982,-244.4317702588553,2
p1446,-221.1081134204482,-321.6010026825826,2
p1447,-200.24808240939626,-252.9663376445908,2
p1448,-205.97913773436937,-143.36684163964685,2
p1449,-281.66807639837197,-211.1201898300725,2
p1450,-225.67036613963074,-255.92957760831865,2
p1451,-216.29949032687836,-278.9459930603448,2
p1452,-229.90139351600536,-257.9840677053522,2
p1453,-256.1791709859752,-246.98321688615732,2
p1454,-220.99279097716897,-305.0146382204472,2
p1455,-219.83596142761638,-234.990621806607,2
p1456,-220.21003821095877,-263.5244758480249,2
p1457,-223.879052928141,-253.09373406521087,2
p1458,-179.17165791095837,-221.90662367324978,2
p1459,-202.77665855387545,-258.81881402881197,2
p1460,-192.32706824946246,-241.49582266050032,2
p1461,-214.5801049667037,-259.4951627911047,2
p1462,-196.5889573771996,-285.2240229638594,2
p1463,-185.71541802247427,-277.1638135738576,2
p1464,-189.66205051674154,-279.7017547053882,2
p1465,-136.52624149490634,-257.9711475121033,2
p1466,-155.47735251744348,-302.5715627786211,2
p1467,-205.89921202081646,-261.5962397681826,2
p1468,-150.59855781362205,-247.40404760362912,2
p1469,-192.6455210095917,-299.7784636739694,2
p1470,-221.34512361766267,-305.95279273884756,2
p1471,-139.88652638936412,-309.43889222176745,2
p1472,-148.18102877489568,-302.40310910879225,2
p1473,-155.27442308098972,-332.34125627833555,2
p1474,-160.02968541295124,-388.8455074431122,2
p1475,-165.77200648012703,-349.2048576821799,2
p1476,-121.55395197311742,-278.12589515687046,2
p1477,-141.29203253265703,-256.95351435508087,2
p1478,-181.30793764241247,-251.27642923196947,2
p1479,-122.41307814913097,-311.88555663301827,2
p1480,-113.8389050806888,-339.0471371377842,2
p1481,-170.1621192293111,-325.1632319518102,2
p1482,-158.8059108542382,-339.6271683956737,2
p1483,-103.74487379254381,-316.6985777775703,2
p1484,-127.35410526783593,-327.0235204382436,2
p1485,-190.03054624085837,-302.7687404401785,2
p1486,-190.25479655883285,-313.864335245241,2
p1487,-171.40300915653808,-253.09918216228616,2
p1488,-100.4710017704611,-310.43421879372613,2
p1489,-87.35112807581348,-339.8628327101399,2
p1490,-106.40071695238147,-309.3226418769846,2
p1491,-112.21979674682557,-277.96696406880454,2
p1492,-95.59367457691607,-308.27341993683876,2
p1493,-164.63604403667392,-346.51096173807355,2
p1494,-116.08482484858905,-315.65966462294506,2
p1495,-143.7171654102203,-246.83855794140334,2
p1496,-61.72029865198365,-301.83003168539267,2
p1497,-102.44586031094424,-326.94121743562386,2
p1498,-130.55335488143703,-318.9084888813095,2
p1499,-91.64625927470338,-359.1202138464921,2
p1500,-86.73098766954745,-327.13614511928955,2
p1501,-151.36257323395617,-348.87733675277934,2
p1502,-103.90341214031858,-266.99895785990765,2
p1503,-72.16059751371603,-364.2341787555627,2
p1504,-71.63330569318853,-371.1052948867575,2
p1505,-51.08633682297885,-339.3126161341253,2
p1506,-83.72451239237591,-285.87389664345227,2
p1507,-116.87458994163718,-368.0064414626384,2
p1508,-93.1080306587605,-295.3627747069497,2
p1509,-118.51712722764138,-411.8761630592075,2
p1510,-83.80474549756666,-310.7327045330528,2
p1511,-31.5921175771265,-341.5292512569053,2
p1512,-77.26972926522708,-293.34289052317143,2
p1513,-118.34332904402031,-339.91703203042573,2
p1514,-53.85990996298159,-315.06231313722236,2
p1515,-72.18599346675657,-327.7590578473965,2
p1516,-128.85861267495497,-348.7690809964198,2
p1517,-37.91857965177992,-358.6956986094906,2
p1518,-47.06762921110631,-316.00184350440054,2
p1519,-56.42542904937167,-324.45112374229916,2
p1520,-72.3414260636929,-335.8962583532758,2
p1521,-22.462375702698083,-325.0974682639434,2
p1522,-55.673342940617076,-323.16474737458253,2
p1523,-13.947004420330847,-391.4498987360418,2
p1524,2.079464404377275,-340.0755570116935,2
p1525,-17.235302002793148,-294.08259229064316,2
p1526,-68.4574533726147,-351.2711449240877,2
p1527,-33.27116273684213,-353.4642660124503,2
p1528,30.125502128802882,-355.5944023181101,2
p1529,-35.897542594231616,-323.6749861449071,2
p1530,-52.605036677128254,-341.5683413150823,2
p1531,-4.3274491388563945,-339.5508490036716,2
p1532,-13.9644499082046,-345.2879819019326,2
p1533,-53.91026824700944,-319.57908124167307,2
p1534,46.85678422198217,-328.4695797029013,2
p1535,3.649716188456477,-308.0106055450659,2
p1536,-38.507288235668014,-277.46343503188524,2
p1537,8.32094194584137,-279.3057018022622,2
p1538,-17.06405881397304,-273.4180548741091,2
p1539,30.8546348903345,-311.0432078187726,2
p1540,17.290713375891027,-334.74078707261395,2
p1541,48.952694717551914,-322.70069902044906,2
p1542,-43.41204023923459,-360.02973408873936,2
p1543,12.6843103183269,-316.7929264142821,2
p1544,19.217772063203547,-289.0786723759081,2
p1545,-34.96598748156781,-320.8712384844341,2
p1546,-28.324982385897364,-301.89480635408154,2
p1547,26.023429816468308,-311.58143252184254,2
p1548,5.578757319975907,-285.24563963038094,2
p1549,65.38008641939962,-305.5594573390377,2
p1550,32.87076278099105,-305.08265509569316,2
p1551,18.172058439365074,-296.20072681142216,2
p1552,91.48022791048723,-289.11458763749994,2
p1553,22.718892055233937,-309.7324288203963,2
p1554,8.41787399683102,-302.72187196189697,2
p1555,63.32915605587863,-375.283348394721,2
p1556,17.55004152334604,-326.95500275355766,2
p1557,45.96362853559989,-353.9938809422539,2
p1558,69.2377995408753,-309.39092155337414,2
p1559,54.31232522747972,-338.81131407675855,2
p1560,94.16631210498107,-265.6547414958972,2
p1561,50.75548389005708,-332.8383609008125,2
p1562,82.54811339806228,-324.34771392428036,2
p1563,66.17164197165638,-290.5278675874704,2
p1564,15.606464671020404,-272.2562441170971,2
p1565,77.59286295428299,-323.2152555287866,2
p1566,75.25222969189852,-311.0400987952177,2
p1567,28.50132670205548,-264.0847989428784,2
p1568,84.17634858043596,-294.6403751994451,2
p1569,113.97318750070184,-337.5404139814283,2
p1570,102.11166646723387,-313.887564492399,2
p1571,115.78194833343696,-368.60572062699487,2
p1572,89.86761301042893,-321.7819448429552,2
p1573,108.2600505106638,-288.4823755488164,2
p1574,76.50501062486076,-322.8133316650873,2
p1575,96.8451606785475,-327.18992719018206,2
p1576,127.84547976553173,-310.18764432951406,2
p1577,17.786487347986935,-309.15517628251985,2
p1578,76.23910800560091,-345.6262903926864,2
p1579,72.66084256007005,-292.16177668993254,2
p1580,152.0198235893465,-284.78312534107204,2
p1581,96.3310005840423,-279.21487815803806,2
p1582,103.10725228294582,-312.4221789510531,2
p1583,84.5911071269769,-342.81012071786694,2
p1584,109.85427909556671,-284.1637723003013,2
p1585,120.9710731213251,-300.0136459189806,2
p1586,97.80279740217904,-267.8957644499552,2
p1587,88.9540349575276,-261.4501880513539,2
p1588,100.68152792589706,-305.8714347711957,2
p1589,89.01157761997119,-296.88738658399245,2
p1590,164.52846818997006,-264.90313346307215,2
p1591,166.86240354973972,-263.21418179353134,2
p1592,106.62679521875313,-287.28856540196904,2
p1593,118.54439078315262,-235.91414244174848,2
p1594,108.24632620768247,-247.46715371264042,2
p1595,173.12419179100496,-217.81649226100166,2
p1596,136.21636105172612,-249.74289326183182,2
p1597,219.1135151819898,-288.02984221982143,2
p1598,106.75519824287149,-324.26963078977565,2
p1599,176.31548383368073,-322.71340930016123,2
p1600,145.87736896948235,-251.43004912924016,2
p1601,164.69995431831146,-250.0977433973808,2
p1602,167.89589259863243,-222.78799843333508,2
p1603,134.72480748618423,-279.7380869620356,2
p1604,142.16604426494712,-232.77825393248855,2
p1605,194.39357543376565,-242.38468022152807,2
p1606,204.90631537272543,-289.4818953737364,2
p1607,221.4220509843352,-206.6446817635888,2
p1608,195.4615830713385,-197.0711306529214,2
p1609,125.6654355482732,-264.42403231430325,2
p1610,155.2596908756008,-225.1940794354972,2
p1611,147.75253223564627,-222.24400542301316,2
p1612,222.29393914458478,-222.22585411789726,2
p1613,191.594471830262,-270.8140550517061,2
p1614,159.5633309193765,-201.7681872648109,2
p1615,210.21892926537737,-238.48938027738578,2
p1616,176.15330185344666,-296.138367971948,2
p1617,158.39952535551976,-176.05035053977468,2
p1618,153.9281732848823,-225.72093300116893,2
p1619,224.36398854830065,-267.0491854060967,2
p1620,201.46275404451572,-199.24415165659417,2
p1621,198.05898794558408,-139.2937359530691,2
p1622,149.37025504193352,-191.53244301183207,2
p1623,195.96992071084267,-198.06959227950682,2
p1624,216.10030387388312,-241.13937412671422,2
p1625,211.41933651418913,-272.7839840995687,2
p1626,224.3163280755453,-205.9893689881253,2
p1627,227.02913483183553,-181.06285591622807,2
p1628,220.52918711810162,-206.22127749187652,2
p1629,184.6805079493977,-229.8735817400829,2
p1630,248.30713691780414,-163.24551351656265,2
p1631,207.1347713049519,-202.7699031828739,2
p1632,188.6929583131065,-166.76765929865346,2
p1633,237.32739338289548,-141.50036698075206,2
p1634,192.52876585615704,-208.84997715944547,2
p1635,227.31535379215794,-175.8744083038577,2
p1636,215.37529305099417,-219.20396605205283,2
p1637,249.74060351831156,-169.1139776173317,2
p1638,197.2428024497462,-147.80470852276062,2
p1639,261.2491114764021,-182.14628430564903,2
p1640,229.92257395184086,-167.2480500882947,2
p1641,203.05428489021728,-180.65104591742795,2
p1642,165.68375017703977,-152.92831780887872,2
p1643,184.7393712029028,-131.77736673664594,2
p1644,222.98840119416545,-180.87611168845012,2
p1645,215.34664237448604,-180.80176495956218,2
p1646,277.99997119936256,-244.41790140279994,2
p1647,274.99697751150353,-157.25471819786918,2
p1648,201.69986514814903,-197.25550571911367,2
p1649,289.4032191323366,-190.9511753002502,2
p1650,205.69014505284684,-126.04568546432587,2
p1651,251.60470202838326,-185.87155476561387,2
p1652,249.08245043200083,-186.0647425008478,2
p1653,276.7219671221144,-120.99931307147335,2
p1654,260.74908398110813,-139.528993239532,2
p1655,298.6939755114563,-147.91691967453065,2
p1656,211.44931649199506,-131.94247699851172,2
p1657,310.51185059897955,-173.37936440789332,2
p1658,238.08906276565574,-127.94398466236004,2
p1659,248.29583397566094,-167.3983617298618,2
p1660,284.52619687883515,-65.81122556388534,2
p1661,257.6892576333942,-160.00919598831956,2
p1662,206.24864638760613,-122.61427855491834,2
p1663,286.7231528313583,-113.55685104084132,2
p1664,254.40123815860224,-142.94047795913275,2
p1665,222.55204590700328,-97.6625585227381,2
p1666,283.5507177135751,-166.51229278755767,2
p1667,304.63029916701,-100.34630103349014,2
p1668,299.69741223406345,-155.2532534043785,2
p1669,217.4861111887814,-116.87263613373625,2
p1670,274.27239101561173,-55.92022898219394,2
p1671,281.0759487116211,-114.49255861395184,2
p1672,229.78387210861254,-67.70694896788211,2
p1673,232.29174166435396,-53.141744437600344,2
p1674,253.33585709384812,-51.66137330045041,2
p1675,282.84631235632537,-100.8661448701684,2
p1676,247.4838952746105,-104.35558281801687,2
p1677,276.4790883513705,-89.18055125113777,2
p1678,246.35538944050478,-93.82613355925776,2
p1679,267.04348611018105,-150.076417208162,2
p1680,278.9239200232498,-112.95870518109552,2
p1681,231.04782397354563,-131.53575714352212,2
p1682,212.27612097321196,-118.9231079774784,2
p1683,245.24351150861443,-17.00227674258332,2
p1684,251.1351048390343,-67.60424177529518,2
p1685,279.29937012557025,-66.33802415882153,2
p1686,265.3111065725635,-103.45878297726873,2
p1687,311.4877389992202,-10.711031742610473,2
p1688,217.78164795125485,-92.97193577974909,2
p1689,260.1445645044632,-88.50876050803907,2
p1690,283.97125480224764,-78.73995874322878,2
p1691,333.97331066060246,-18.49233424225743,2
p1692,275.60409850081663,-20.714253128821994,2
p1693,302.5850312592007,-65.75558050054154,2
p1694,245.07851953593735,-43.80466113454932,2
p1695,295.54700369733274,-39.28763714555229,2
p1696,222.49676262726652,-64.85359410890004,2
p1697,267.672053595475,-40.34737298347393,2
p1698,329.1279256824117,-76.96493641139935,2
p1699,285.15559210633756,11.980635705549014,2
p1700,338.1434923626839,-42.13192269551918,2
p1701,84.72095192909055,-10.812947295704895,3
p1702,75.77673495648456,-28.77779066425922,3
p1703,82.88193452782852,-99.68833060365922,3
p1704,90.11137062682937,-17.846878556909438,3
p1705,62.77794263347937,41.85871219835208,3
p1706,48.96344956773122,-29.558956315520497,3
p1707,128.67383236244086,-40.35353628925454,3
p1708,52.096145218954334,-17.73388803131527,3
p1709,93.45075953675534,-5.027793320828138,3
p1710,29.0359996588127,-25.173887812039755,3
p1711,49.137257290949684,-9.481544345625796,3
p1712,79.633625871758,7.415161393124638,3
p1713,13.035904058313747,28.81021168835225,3
p1714,73.30901513310542,40.439141122264346,3
p1715,78.43160144823551,33.9413881695676,3
p1716,78.43399636725192,43.273437359940765,3
p1717,79.39571802972252,1.9197473388943962,3
p1718,131.1506902022316,33.48356893686456,3
p1719,79.39864778898244,-29.53757385093978,3
p1720,22.70531724035395,19.455128771835614,3
p1721,64.84834117964917,-5.845747793742227,3
p1722,63.80065701230309,62.122325759800624,3
p1723,79.48243215963043,-17.90065178059598,3
p1724,54.28540319009805,-5.973627015405306,3
p1725,44.97154288618704,7.591530031110715,3
p1726,41.207058537930514,-15.851360221888825,3
p1727,50.603152104655805,6.764450392480356,3
p1728,-34.59133662905809,86.92831565938428,3
p1729,84.77801053987056,15.782335020693274,3
p1730,51.46627092971269,-6.371105190279543,3
p1731,100.52467813674559,87.37857232943082,3
p1732,53.07015757997972,62.82069735339137,3
p1733,52.309927645596645,-6.359364191408957,3
p1734,33.34480449626594,39.299899402169245,3
p1735,30.6780509854361,30.353462312834736,3
p1736,40.15487601686772,36.02835565690503,3
p1737,43.015022678204836,8.148182059438518,3
p1738,18.45584957749847,2.9097399922812457,3
p1739,67.78917708345489,-20.272545513068593,3
p1740,71.52077093539359,85.90496446562473,3
p1741,26.27664278953192,-32.39460706964333,3
p1742,22.90308211585026,45.125799438914335,3
p1743,1.796831429963639,32.91279391833668,3
p1744,76.36576745213804,69.60080667147184,3
p1745,1.0416017979043204,2.973724349631766,3
p1746,17.260837240150046,45.71121753285725,3
p1747,40.225130545233895,37.23262269398017,3
p1748,38.92766675875552,112.48741375200837,3
p1749,46.26773161064091,54.09377079612747,3
p1750,14.505485868401173,45.902346353047726,3
p1751,53.59459478373587,38.81126462584728,3
p1752,17.686284781985655,60.15629497955402,3
p1753,-0.5900078658532095,18.39720958741826,3
p1754,22.267164265037326,58.652586090940446,3
p1755,25.680878390677137,45.346536571085075,3
p1756,45.376197609601746,35.88310172249471,3
p1757,58.173663789004586,10.548553293977278,3
p1758,17.900306668888263,77.99111942498786,3
p1759,-20.98004736436814,77.16945515957848,3
p1760,39.28725953029951,-1.3989135511065882,3
p1761,13.985523919171625,-9.06617485669561,3
p1762,-32.07796204416965,115.19124762679417,3
p1763,-22.584472285276128,31.64191718059392,3
p1764,-13.103044858474867,129.39508043222258,3
p1765,-64.15929833440484,36.275462724200224,3
p1766,33.661081953961265,123.95979537900084,3
p1767,-16.426062057098285,31.42802263125121,3
p1768,47.48360791051596,116.76050504877475,3
p1769,2.901732989297436,44.83939966332518,3
p1770,-21.018033898375734,64.64138710548241,3
p1771,-11.7066765283011,113.17932906889052,3
p1772,2.6615631870534475,37.481390533284404,3
p1773,15.48245887350611,79.3062472102805,3
p1774,-7.293784135896809,113.97429412584265,3
p1775,-63.34740748540651,68.92523263880611,3
p1776,-48.03787852911212,22.942285586520867,3
p1777,-23.786266044772347,145.25897955741854,3
p1778,-91.4813842881039,68.83425451134303,3
p1779,-19.15149628098833,73.34163197463587,3
p1780,-43.84668790223754,30.47569863345261,3
p1781,-35.54972106822551,46.508550820969994,3
p1782,-110.30595400559773,104.76499991171076,3
p1783,-17.92530007634893,70.1494330125829,3
p1784,-41.86589081240136,100.4582654543357,3
p1785,-44.06097937843343,94.93528671622,3
p1786,-61.75955303728106,106.71740244453443,3
p1787,-45.245416938504945,72.67987442103934,3
p1788,-94.99381472288752,74.92493230881708,3
p1789,-83.86182721928067,46.583467957351914,3
p1790,-85.36296828697834,33.11860367253861,3
p1791,0.8564774166505487,104.3778088834002,3
p1792,-7.246179667853667,27.041348362522257,3
p1793,-64.674842771141,24.172419832702275,3
p1794,-89.6224049611222,34.64250565635282,3
p1795,-33.48614411433316,49.4676554212073,3
p1796,-40.52654914568674,78.6063319342575,3
p1797,-5.354355355349057,15.187849329749582,3
p1798,-38.55260631838218,93.01358403514331,3
p1799,-107.37673255098254,87.84466809858115,3
p1800,-69.91565110921312,49.77825257984164,3
p1801,-106.520765546473,33.963142472575086,3
p1802,-22.088316624321855,54.453277118925996,3
p1803,-61.87525487839063,29.56514262098336,3
p1804,-110.46694515509233,84.57446519086868,3
p1805,-129.26581157579326,38.4452864003366,3
p1806,-89.43908915407052,52.994169857621195,3
p1807,-97.48757657831568,60.2439391654617,3
p1808,-72.9567263003346,69.09045064135884,3
p1809,-124.91617465904532,37.17485262731175,3
p1810,-61.070174779577655,71.15389817495561,3
p1811,-139.64049413730078,53.44125975270723,3
p1812,-159.3130915325808,42.85531502509144,3
p1813,-44.514257460901,11.529552533266973,3
p1814,-127.9265541068886,61.37560404005467,3
p1815,-150.59852800402876,17.93040973933467,3
p1816,-87.80627143772304,16.313484968328467,3
p1817,-114.13042389390806,56.06797028432002,3
p1818,-95.72296322648712,40.119329916693104,3
p1819,-119.82666018052078,41.561744944306156,3
p1820,-114.61367984048744,42.512693527020865,3
p1821,-127.02288166690971,21.594287537056985,3
p1822,-142.99085784757034,24.28892662414737,3
p1823,-138.76281845906684,-9.838714006960103,3
p1824,-107.776591580389,28.184894213042874,3
p1825,-93.11632832998667,7.066232912747061,3
p1826,-105.38908259928367,34.699294578381455,3
p1827,-105.2771436881736,-8.440006972078052,3
p1828,-115.0902715558056,25.38772680013262,3
p1829,-120.26735123936368,-50.016400594625246,3
p1830,-116.53985704505568,77.0495954894973,3
p1831,-132.98749322155953,-13.090754290449318,3
p1832,-111.77719179748318,16.183801582464966,3
p1833,-87.94614398669671,-32.8788399450851,3
p1834,-102.49622944649832,20.599326511402246,3
p1835,-129.37004773773174,11.062318975145452,3
p1836,-94.848225305256,25.07264109530072,3
p1837,-160.60683604197766,21.49672766419115,3
p1838,-128.79897426383866,-2.9447883430490123,3
p1839,-125.1619805572652,-11.672202652882184,3
p1840,-92.06353516016861,-11.72036971370039,3
p1841,-161.81510892436393,-23.06776422051936,3
p1842,-123.23876220273623,23.553318200521776,3
p1843,-110.83439274783382,-40.90775550617012,3
p1844,-54.655772631081035,-9.523417314230155,3
p1845,-91.19046739685689,-24.0985866805515,3
p1846,-113.64850858378695,3.551839468783715,3
p1847,-93.25683149019947,8.00010111427811,3
p1848,-103.7463730076965,-35.265036562903276,3
p1849,-147.1304496061664,-17.92753270193836,3
p1850,-102.00615782976791,-36.681621023298156,3
p1851,-98.02290937605295,11.48426037624974,3
p1852,-157.40191058208842,-59.29518648680831,3
p1853,-134.01392460998724,-27.0506719072554,3
p1854,-145.38629633796197,2.19829603278283,3
p1855,-116.7301836912738,-39.26943487954312,3
p1856,-172.2887558475036,-82.0077978492556,3
p1857,-120.49695578784466,-108.58617164088622,3
p1858,-98.22048141772835,-51.421490002779805,3
p1859,-30.935935985026873,20.499356059910887,3
p1860,-133.25823215080607,-53.981279157715356,3
p1861,-97.49044486725514,-1.739908713524418,3
p1862,-175.99918783594362,-108.46025267712605,3
p1863,-144.97730084639727,-39.40985456631063,3
p1864,-110.82574203797884,-26.810036044931596,3
p1865,-161.09657748047462,-130.386015326561,3
p1866,-98.69721116468376,-87.73255286281531,3
p1867,-184.2828348808483,-60.50529235340002,3
p1868,-99.18237794226485,-70.47416923210606,3
p1869,-135.92176674432477,-73.53242560958745,3
p1870,-132.4720286362836,-111.115077665785,3
p1871,-141.92312555631491,-56.93953200609279,3
p1872,-109.9208197826463,-69.4217237394881,3
p1873,-148.47481237872287,-81.77469837605615,3
p1874,-182.942619397672,-72.8210674936098,3
p1875,-73.73680914403685,-124.22396396126314,3
p1876,-133.11425621558334,-71.92949757600911,3
p1877,-76.847513517377,-97.02941798690412,3
p1878,-134.05963394898689,-144.40684919681684,3
p1879,-109.01177703412725,-25.809075564130794,3
p1880,-102.5809455785545,-89.44689460475867,3
p1881,-99.9905224794101,-90.7926716046955,3
p1882,-132.75977690038792,-67.41638055749983,3
p1883,-100.27847858422632,-93.21400141685922,3
p1884,-134.96048638352318,-56.236822440967735,3
p1885,-84.37340018774616,-113.50068575690484,3
p1886,-72.84211713168308,-113.38183574442505,3
p1887,-124.90737273861147,-122.75742757574513,3
p1888,-153.0983906439793,-87.30099655073414,3
p1889,-153.3890569430194,-139.750177680114,3
p1890,-159.18070090824185,-106.89657333146619,3
p1891,-99.85167420716672,-115.50039196076655,3
p1892,-125.0197298149863,-142.2183368806781,3
p1893,-78.18368212143383,-124.88590368383859,3
p1894,-80.96916184015319,-136.21045238614627,3
p1895,-83.34664294611486,-71.80335831801281,3
p1896,-69.48638275665971,-124.48733545986478,3
p1897,-77.62318581365659,-120.51207930691632,3
p1898,-83.34627395705786,-124.20112411465658,3
p1899,-86.73275711387475,-109.1736254238254,3
p1900,-109.80076098745856,-147.07890518814318,3
p1901,-119.83164402510793,-165.63880113949762,3
p1902,-112.8480842786006,-113.83648271899757,3
p1903,-101.24714338324935,-104.16274209700836,3
p1904,-71.53651669393045,-179.53783164974357,3
p1905,-51.02439678092939,-97.03058639650875,3
p1906,-98.56743889025593,-109.58056887200028,3
p1907,-92.50740239074383,-120.04753728637506,3
p1908,-102.79215694083051,-177.52139252522647,3
p1909,-74.37118036224744,-128.14950541199318,3
p1910,-72.83209024593287,-160.62656837619215,3
p1911,-70.90015155838134,-117.6531071757847,3
p1912,-58.238772965202685,-120.84122576178942,3
p1913,-74.97244473011251,-91.7067786713783,3
p1914,-88.12028710770909,-112.73108137471445,3
p1915,-15.334436292977134,-113.38751729091369,3
p1916,-54.81385827051746,-144.07763647275823,3
p1917,-15.594245140222586,-171.2888514649007,3
p1918,-73.71203066763054,-140.85396626105046,3
p1919,-5.403710631070519,-117.8184410502209,3
p1920,-69.49421908207279,-138.76142069837445,3
p1921,-56.79747865612042,-150.94295569195646,3
p1922,-6.912365196228036,-170.95496672073233,3
p1923,14.075860299111216,-105.06539230434716,3
p1924,0.6316081297751794,-143.8662537082423,3
p1925,-34.4982215723733,-172.99455443574135,3
p1926,-43.64563022366845,-115.16842291819003,3
p1927,13.069457226361836,-163.1269875139594,3
p1928,-34.68612615662669,-134.34164944980282,3
p1929,-63.505891732543105,-111.90880867219843,3
p1930,-41.266863625512975,-135.31390007213804,3
p1931,-31.025157800925992,-152.89162530303804,3
p1932,-15.603046708175519,-135.3955206533395,3
p1933,-24.478861796749822,-150.45345235746078,3
p1934,-1.6761284179389122,-78.62020701810032,3
p1935,-5.012213933050322,-97.93121362604671,3
p1936,-48.87157074353834,-122.62504710850294,3
p1937,-38.05206085264659,-171.16606393882017,3
p1938,-25.289160162244542,-90.55927664735863,3
p1939,27.403654554536466,-118.44180809157476,3
p1940,-45.0793173592032,-130.99407117115345,3
p1941,11.937664940910338,-119.17155013639018,3
p1942,-50.45660277224095,-150.43773438978536,3
p1943,4.890122344006244,-106.88892130330946,3
p1944,-57.13227598778818,-127.05003442324583,3
p1945,14.965127403948546,-95.86618610877372,3
p1946,33.36365668363028,-103.00556568233785,3
p1947,-9.534697282565311,-176.81124013764054,3
p1948,4.538020800144068,-88.5714031668647,3
p1949,59.979003235904436,-96.31419493545282,3
p1950,32.88022468405197,-105.21335092686493,3
p1951,5.119138534489586,-119.43823482265928,3
p1952,73.65476527268953,-142.70953272395784,3
p1953,73.78251864562992,-122.95296870577172,3
p1954,66.83432004129547,-154.31937119829658,3
p1955,46.35565126418677,-133.0048035159234,3
p1956,-11.998104271488195,-103.09697053009131,3
p1957,62.39893168571001,-133.71758889038892,3
p1958,-11.228079838883104,-109.80666720762761,3
p1959,32.719000535695045,-89.24991673854075,3
p1960,65.40089777682043,-106.09693798591428,3
p1961,94.11981003669669,-96.16982040608247,3
p1962,29.573538871129514,-149.79428873636522,3
p1963,33.567482353795235,-110.0579424136707,3
p1964,71.70600663058525,-84.58020187086328,3
p1965,8.93340889876086,-91.74542904355476,3
p1966,65.84544071704721,-49.50111961737559,3
p1967,73.67644330000066,-70.9169993455247,3
p1968,50.17192557103887,-80.46541786512758,3
p1969,87.13813882360435,-130.44323341062702,3
p1970,40.41851962098605,-111.95558769193455,3
p1971,63.489514475154095,-50.164691498919595,3
p1972,35.38289546937768,-157.04828594841763,3
p1973,42.066170199467365,-56.178467537377514,3
p1974,71.665323104547,-68.95711350299582,3
p1975,48.20274132220944,-118.37092208659364,3
p1976,73.08949765312033,-103.20382171121035,3
p1977,124.14325992453513,-59.21438726135074,3
p1978,42.151726947322715,-92.80507534015167,3
p1979,57.69437904819429,-79.7629868171598,3
p1980,94.85955903015868,-65.08117921525871,3
p1981,40.237362991594196,-12.038338090536847,3
p1982,64.4568985344318,-43.74726498940097,3
p1983,45.48140372584637,-53.96373589984585,3
p1984,73.77093675804394,-119.57614343674298,3
p1985,125.56390494333453,-22.182365609818437,3
p1986,53.81609026882709,-91.97127190812289,3
p1987,76.74310509387234,-54.29105107909478,3
p1988,77.52838456975998,-49.121666830662846,3
p1989,82.54511996649379,-9.415916029311472,3
p1990,84.85785622723994,-82.28083404907423,3
p1991,109.10561065424241,0.48030544607606274,3
p1992,163.16130574241305,-80.38169566879822,3
p1993,76.21369369080708,-107.07126395191086,3
p1994,85.80594482282406,-58.979332301433644,3
p1995,127.15556338157593,-63.69129542732289,3
p1996,18.97379478593257,-52.50569655430717,3
p1997,10.538039706313029,-13.746068317712112,3
p1998,7.959791622196221,-33.33383793742523,3
p1999,7.643713751798643,-41.703176124435025,3
p2000,119.30134467413602,-19.180563256926263,3
p2001,319.0,-335.0,0
p2002,543.0,111.0,0
p2003,-531.0,-544.0,0
p2004,-562.0,200.0,0
p2005,441.0,131.0,0
p2006,224.0,155.0,0
p2007,-249.0,-318.0,0
p2008,-491.0,416.0,0
p2009,-57.0,-576.0,0
p2010,242.0,190.0,0
p2011,137.0,-544.0,0
p2012,-421.0,-369.0,0
p2013,-258.0,-124.0,0
p2014,-25.0,-146.0,0
p2015,-312.0,-343.0,0
p2016,-71.0,86.0,0
p2017,328.0,-372.0,0
p2018,-5.0,-166.0,0
p2019,281.0,420.0,0
p2020,-199.0,21.0,0
p2021,-513.0,-17.0,0
p2022,-292.0,305.0,0
p2023,-258.0,-165.0,0
p2024,-424.0,-462.0,0
p2025,-407.0,587.0,0
p2026,584.0,342.0,0
p2027,-76.0,465.0,0
p2028,314.0,-391.0,0
p2029,140.0,261.0,0
p2030,353.0,232.0,0
p2031,-461.0,191.0,0
p2032,-55.0,416.0,0
p2033,-544.0,-489.0,0
p2034,-596.0,436.0,0
p2035,-511.0,15.0,0
p2036,290.0,97.0,0
p2037,297.0,370.0,0
p2038,531.0,67.0,0
p2039,-7.0,-12.0,0
p2040,-116.0,381.0,0
p2041,371.0,38.0,0
p2042,396.0,-319.0,0
p2043,385.0,511.0,0
p2044,-585.0,574.0,0
p2045,335.0,-347.0,0
p2046,-272.0,-57.0,0
p2047,182.0,396.0,0
p2048,244.0,592.0,0
p2049,-235.0,54.0,0
p2050,159.0,38.0,0
p2051,463.0,323.0,0
p2052,-185.0,-346.0,0
p2053,566.0,109.0,0
p2054,-24.0,299.0,0
p2055,-590.0,-575.0,0
p2056,356.0,-180.0,0
p2057,-105.0,-364.0,0
p2058,408.0,-382.0,0
p2059,-140.0,62.0,0
p2060,34.0,567.0,0
p2061,389.0,-412.0,0
p2062,-346.0,-533.0,0
p2063,15.0,-265.0,0
p2064,70.0,220.0,0
p2065,273.0,-301.0,0
p2066,-244.0,-345.0,0
p2067,407.0,-248.0,0
p2068,-77.0,349.0,0
p2069,155.0,-317.0,0
p2070,-502.0,-404.0,0
p2071,-119.0,277.0,0
p2072,14.0,17.0,0
p2073,-233.0,-31.0,0
p2074,-11.0,498.0,0
p2075,465.0,-179.0,0
p2076,235.0,-56.0,0
p2077,-530.0,528.0,0
p2078,524.0,167.0,0
p2079,-294.0,-224.0,0
p2080,54.0,77.0,0
p2081,-202.0,-380.0,0
p2082,-419.0,-294.0,0
p2083,-79.0,413.0,0
p2084,-597.0,262.0,0
p2085,247.0,203.0,0
p2086,-386.0,371.0,0
p2087,-500.0,362.0,0
p2088,-28.0,57.0,0
p2089,338.0,486.0,0
p2090,-375.0,-496.0,0
p2091,171.0,-172.0,0
p2092,-167.0,451.0,0
p2093,81.0,-13.0,0
p2094,492.0,265.0,0
p2095,145.0,590.0,0
p2096,263.0,-233.0,0
p2097,-350.0,258.0,0
p2098,255.0,593.0,0
p2099,513.0,-40.0,0
p2100,-307.0,318.0,0
p2101,573.0,555.0,0
p2102,-168.0,-542.0,0
p2103,368.0,235.0,0
p2104,-402.0,-386.0,0
p2105,297.0,-129.0,0
p2106,-354.0,-219.0,0
p2107,390.0,326.0,0
p2108,591.0,-41.0,0
p2109,474.0,88.0,0
p2110,-221.0,-127.0,0
p2111,503.0,96.0,0
p2112,310.0,359.0,0
p2113,-123.0,403.0,0
p2114,325.0,106.0,0
p2115,253.0,537.0,0
p2116,416.0,153.0,0
p2117,-98.0,216.0,0
p2118,-13.0,107.0,0
p2119,467.0,507.0,0
p2120,-394.0,-450.0,0
p2121,67.0,-73.0,0
p2122,-436.0,316.0,0
p2123,568.0,409.0,0
p2124,-564.0,-268.0,0
p2125,-198.0,-187.0,0
p2126,-556.0,-395.0,0
p2127,-539.0,-181.0,0
p2128,267.0,219.0,0
p2129,-582.0,-236.0,0
p2130,430.0,-173.0,0
p2131,540.0,-21.0,0
p2132,-55.0,-276.0,0
p2133,-546.0,177.0,0
p2134,391.0,-559.0,0
p2135,-370.0,-148.0,0
p2136,-207.0,551.0,0
p2137,90.0,-209.0,0
p2138,3.0,280.0,0
p2139,501.0,-516.0,0
p2140,453.0,-552.0,0
p2141,568.0,-532.0,0
p2142,481.0,96.0,0
p2143,-122.0,219.0,0
p2144,594.0,-454.0,0
p2145,415.0,8.0,0
p2146,-155.0,-380.0,0
p2147,-506.0,-339.0,0
p2148,296.0,494.0,0
p2149,-382.0,-509.0,0
p2150,-474.0,-521.0,0
p2151,382.0,315.0,0
p2152,-115.0,93.0,0
p2153,-576.0,-445.0,0
p2154,31.0,480.0,0
p2155,-582.0,-364.0,0
p2156,-324.0,144.0,0
p2157,-49.0,576.0,0
p2158,38.0,-364.0,0
p2159,397.0,-546.0,0
p2160,83.0,-492.0,0
p2161,-228.0,372.0,0
p2162,-400.0,248.0,0
p2163,-92.0,-326.0,0
p2164,-390.0,-97.0,0
p2165,541.0,102.0,0
p2166,-559.0,-286.0,0
p2167,187.0,-272.0,0
p2168,440.0,-318.0,0
p2169,342.0,-343.0,0
p2170,-26.0,-27.0,0
p2171,11.0,442.0,0
p2172,236.0,-178.0,0
p2173,157.0,162.0,0
p2174,504.0,-177.0,0
p2175,-172.0,-397.0,0
p2176,-405.0,127.0,0
p2177,-316.0,-405.0,0
p2178,-294.0,-587.0,0
p2179,569.0,480.0,0
p2180,122.0,179.0,0
p2181,-72.0,197.0,0
p2182,-257.0,-392.0,0
p2183,40.0,-349.0,0
p2184,-330.0,319.0,0
p2185,-182.0,194.0,0
p2186,499.0,124.0,0
p2187,-168.0,-492.0,0
p2188,40.0,470.0,0
p2189,-222.0,519.0,0
p2190,357.0,-498.0,0
p2191,291.0,253.0,0
p2192,569.0,450.0,0
p2193,-71.0,78.0,0
p2194,388.0,505.0,0
p2195,-173.0,221.0,0
p2196,585.0,331.0,0
p2197,461.0,-90.0,0
p2198,-208.0,112.0,0
p2199,-107.0,-54.0,0
p2200,-7.0,-212.0,0
p2201,-443.0,427.0,0
p2202,-434.0,359.0,0
p2203,-192.0,-407.0,0
p2204,-366.0,117.0,0
p2205,573.0,582.0,0
p2206,215.0,-197.0,0
p2207,292.0,77.0,0
p2208,-533.0,-513.0,0
p2209,-384.0,-600.0,0
p2210,558.0,-461.0,0
p2211,17.0,-468.0,0
p2212,-423.0,209.0,0
p2213,-221.0,307.0,0
p2214,57.0,-151.0,0
p2215,-15.0,-138.0,0
p2216,389.0,531.0,0
p2217,-479.0,-584.0,0
p2218,-274.0,-283.0,0
p2219,208.0,-98.0,0
p2220,-482.0,109.0,0
p2221,-556.0,-287.0,0
p2222,-183.0,-45.0,0
p2223,501.0,-275.0,0
p2224,-86.0,-387.0,0
p2225,-527.0,-92.0,0
p2226,-269.0,516.0,0
p2227,87.0,56.0,0
p2228,427.0,561.0,0
p2229,-1.0,475.0,0
p2230,-276.0,391.0,0
p2231,116.0,122.0,0
p2232,-324.0,-65.0,0
p2233,-449.0,354.0,0
p2234,-342.0,-277.0,0
p2235,416.0,268.0,0
p2236,591.0,87.0,0
p2237,-291.0,202.0,0
p2238,479.0,19.0,0
p2239,-128.0,-140.0,0
p2240,213.0,245.0,0
p2241,564.0,66.0,0
p2242,-339.0,-246.0,0
p2243,169.0,-421.0,0
p2244,-535.0,219.0,0
p2245,-430.0,-127.0,0
p2246,-67.0,530.0,0
p2247,-162.0,234.0,0
p2248,-374.0,-159.0,0
p2249,-205.0,127.0,0
p2250,-517.0,436.0,0
p2251,92.0,-108.0,0
p2252,543.0,369.0,0
p2253,-248.0,480.0,0
p2254,-561.0,39.0,0
p2255,-428.0,-342.0,0
p2256,-84.0,129.0,0
p2257,-78.0,238.0,0
p2258,-484.0,-417.0,0
p2259,539.0,-439.0,0
p2260,-58.0,238.0,0
p2261,489.0,493.0,0
p2262,-154.0,-185.0,0
p2263,-69.0,-160.0,0
p2264,137.0,-137.0,0
p2265,-205.0,110.0,0
p2266,-206.0,-275.0,0
p2267,514.0,149.0,0
p2268,493.0,589.0,0
p2269,41.0,-387.0,0
p2270,-232.0,-552.0,0
p2271,475.0,-468.0,0
p2272,398.0,185.0,0
p2273,589.0,-228.0,0
p2274,-122.0,231.0,0
p2275,49.0,81.0,0
p2276,87.0,-519.0,0
p2277,-514.0,-376.0,0
p2278,-585.0,221.0,0
p2279,-438.0,-87.0,0
p2280,-251.0,80.0,0
p2281,515.0,-420.0,0
p2282,142.0,59.0,0
p2283,-108.0,322.0,0
p2284,-473.0,-36.0,0
p2285,-51.0,-148.0,0
p2286,-130.0,387.0,0
p2287,137.0,-377.0,0
p2288,-447.0,-41.0,0
p2289,-250.0,570.0,0
p2290,-252.0,-419.0,0
p2291,36.0,417.0,0
p2292,-422.0,462.0,0
p2293,171.0,293.0,0
p2294,426.0,415.0,0
p2295,-537.0,-572.0,0
p2296,-229.0,-504.0,0
p2297,392.0,-580.0,0
p2298,134.0,525.0,0
p2299,469.0,-535.0,0
p2300,2.0,587.0,0
