id,x,y,cluster_id
p1,25.0514,5.7475,1
p2,26.6614,7.3414,1
p3,25.2653,6.2466,1
p4,25.2285,4.7447,1
p5,25.7529,5.1564,1
p6,24.0785,5.6693,1
p7,25.2722,6.8676,1
p8,24.6535,6.2443,1
p9,26.9834,6.633,1
p10,25.7437,6.3179,1
p13,27.1812,6.2972,1
p14,25.4999,5.6739,1
p15,25.3021,6.1431,1
p17,25.5482,5.7107,1
p18,26.2198,5.7337,1
p19,25.884,6.3294,1
p20,24.4649,5.7521,1
p21,24.7708,6.7572,1
p22,25.3274,5.6463,1
p23,25.999,4.8551,1
p24,25.0238,6.2742,1
p25,25.8242,6.7848,1
p26,25.4286,6.2834,1
p27,27.3445,6.4697,1
p28,24.6236,6.1178,1
p29,27.126,6.1109,1
p30,25.677,5.9085,1
p31,25.539,6.3777,1
p32,25.0491,6.0603,1
p33,26.5924,6.0925,1
p34,25.217,7.7531,1
p35,25.2492,5.6486,1
p36,24.941,5.0184,1
p37,25.2814,7.5461,1
p38,24.8191,6.1316,1
p39,26.0105,6.8377,1
p40,25.0215,6.564,1
p41,25.1618,6.3064,1
p42,25.8955,5.4393,1
p43,24.8375,5.4416,1
p44,25.4562,6.702,1
p45,25.7161,5.5152,1
p47,24.4649,7.2471,1
p48,24.6328,5.3473,1
p49,25.7253,6.7296,1
p50,27.1168,5.6946,1
p51,26.4958,5.9039,1
p52,25.1158,6.1914,1
p53,25.6103,7.6197,1
p54,26.3026,6.7802,1
p55,24.7915,6.2627,1
p56,25.0997,5.8004,1
p57,25.4838,7.0148,1
p58,25.4217,7.3138,1
p59,27.1306,6.9573,1
p60,24.3338,5.1679,1
p61,24.6236,5.6877,1
p62,25.5183,4.8229,1
p63,26.39,7.0401,1
p65,25.5275,4.9333,1
p66,24.8973,7.1919,1
p67,24.7731,6.0925,1
p68,26.5855,6.8423,1
p69,25.6356,5.6371,1
p70,26.7718,5.5336,1
p71,24.8536,5.5152,1
p72,25.8587,5.2208,1
p73,25.2538,5.5727,1
p74,25.4838,4.9333,1
p75,25.5436,5.9844,1
p77,27.7102,6.2535,1
p78,25.1204,4.6504,1
p79,25.2538,5.5681,1
p80,25.5137,6.357,1
p81,27.2249,5.5727,1
p82,24.6581,5.9936,1
p83,25.1894,5.4991,1
p84,25.2446,5.9591,1
p85,24.8007,4.4158,1
p86,26.275,5.5888,1
p87,25.8748,6.5456,1
p88,24.6328,6.7503,1
p89,24.8766,4.4664,1
p90,26.4498,6.6997,1
p91,25.148,5.9292,1
p92,24.5914,5.8004,1
p93,25.6954,5.9867,1
p94,26.344,5.9522,1
p95,26.8224,5.667,1
p96,26.1347,5.0161,1
p97,25.263,5.3082,1
p98,24.6305,6.8354,1
p99,25.8035,6.1937,1
p100,26.0243,7.5576,1
p1047,24.2234,7.5461,1
p1088,24.8375,6.7871,1
p16,23.3609,5.6601,2
p76,23.1838,5.7314,2
p1024,22.4639,6.6353,2
p1050,21.7785,7.1482,2
p1067,23.0389,7.1942,2
p1093,23.2206,6.8515,2
p1096,21.6083,7.2655,2
p2401,22.6801,4.5492,2
p2402,22.2454,5.8211,2
p2403,22.0936,6.1063,2
p2404,22.9837,6.2075,2
p2405,21.2196,5.7636,2
p2407,23.1792,5.0713,2
p2408,21.813,7.0953,2
p2409,21.5025,5.4853,2
p2410,22.9193,4.3583,2
p2411,21.3392,5.7406,2
p2412,22.3282,5.3519,2
p2413,21.8153,5.2323,2
p2414,22.2132,4.6412,2
p2415,21.4519,4.701,2
p2416,22.5651,6.0718,2
p2417,21.8659,6.0028,2
p2418,22.6755,4.6021,2
p2420,20.9988,5.2645,2
p2421,22.1925,6.4467,2
p2422,22.0982,6.0925,2
p2423,22.135,5.9821,2
p2424,22.9492,4.6412,2
p2425,22.963,4.5193,2
p2426,22.1879,5.8441,2
p2427,20.8401,5.6946,2
p2428,21.6589,6.6928,2
p2429,22.1695,5.3703,2
p2430,22.158,6.104,2
p2431,21.2081,4.8758,2
p2432,21.5347,5.2714,2
p2433,21.2725,4.5607,2
p2434,22.6617,6.4421,2
p2435,22.5007,5.3381,2
p2436,21.5071,5.0897,2
p2437,22.3466,6.1316,2
p2439,23.5403,6.1569,2
p2440,22.2224,4.6734,2
p2441,21.3185,5.9177,2
p2442,21.1575,4.8804,2
p2443,22.2431,5.3795,2
p2444,23.5955,5.3795,2
p2445,22.4547,6.2811,2
p2446,22.5674,4.7677,2
p2448,21.8199,5.8234,2
p2449,21.6589,5.4646,2
p2450,21.3576,6.4306,2
p2451,23.2689,6.0051,2
p2452,22.7537,5.5934,2
p2453,22.1695,5.7728,2
p2454,22.5812,5.0437,2
p2455,22.9814,6.8515,2
p2456,22.6364,6.8653,2
p2457,22.7606,5.9407,2
p2459,23.1194,5.621,2
p2460,23.0527,5.1702,2
p2461,23.0159,5.9131,2
p2462,22.0568,5.782,2
p2463,21.9027,4.701,2
p2464,21.6589,5.8602,2
p2465,21.8475,6.7549,2
p2467,21.8774,5.2231,2
p2468,21.8682,4.8482,2
p2469,22.0729,5.2691,2
p2470,21.9257,5.4048,2
p2471,21.5692,4.5561,2
p2472,22.2086,5.5221,2
p2473,22.5421,5.874,2
p2475,23.0205,5.2093,2
p2476,21.8406,7.001,2
p2477,22.5352,5.8878,2
p2478,23.2505,5.1886,2
p2480,20.7504,5.2898,2
p2482,22.2569,5.9798,2
p2483,22.2707,5.5773,2
p2484,21.859,4.8827,2
p2485,22.6456,6.702,2
p2486,23.2919,5.1196,2
p2488,22.296,6.0051,2
p2489,21.8153,6.0718,2
p2490,21.7371,5.3979,2
p2491,22.6571,5.2806,2
p2492,22.3903,6.3869,2
p2493,22.2247,5.6302,2
p2494,22.2201,5.4071,2
p2495,21.2311,5.9867,2
p2496,21.767,6.2696,2
p2497,21.7233,6.5387,2
p2498,22.2569,5.8441,2
p2500,21.2541,5.5934,2
p101,18.4941,12.5877,3
p102,18.1606,12.5486,3
p104,17.7558,12.1231,3
p105,17.4867,10.6626,3
p106,16.7139,11.5849,3
p107,17.259,11.7482,3
p108,17.4959,11.5596,3
p110,18.3607,11.8287,3
p111,17.2038,11.7689,3
p112,16.96,10.6373,3
p113,17.2866,12.2933,3
p114,17.3694,11.5596,3
p115,17.9858,11.5067,3
p116,18.0272,12.6176,3
p118,17.5212,11.8747,3
p119,17.512,10.9915,3
p120,16.7898,12.2128,3
p121,17.1233,11.6102,3
p122,18.6137,11.3802,3
p123,16.7714,11.3871,3
p124,16.0676,10.8121,3
p125,17.8041,11.7022,3
p128,16.4632,10.658,3
p129,18.5125,11.8425,3
p130,17.9306,12.1898,3
p132,16.7392,11.0306,3
p133,18.4642,11.7137,3
p134,17.3625,12.0035,3
p135,17.5557,11.2123,3
p136,17.6868,11.4354,3
p138,16.1251,10.6649,3
p139,17.5419,11.8885,3
p140,17.8961,11.8057,3
p141,18.2365,11.7666,3
p142,18.1008,11.3641,3
p143,18.3653,12.0633,3
p144,19.3635,11.6286,3
p145,17.9237,11.5573,3
p146,16.9853,12.3186,3
p147,16.8749,11.5182,3
p148,18.0272,11.9621,3
p149,17.6293,11.3503,3
p150,16.5575,11.3388,3
p151,18.2388,11.4676,3
p152,17.811,11.4768,3
p155,17.4637,10.8213,3
p156,17.6339,10.8144,3
p157,17.4384,12.2128,3
p158,17.9421,11.8057,3
p159,16.615,12.0702,3
p161,16.7415,11.8793,3
p162,16.8197,12.1162,3
p164,17.8363,11.8563,3
p165,17.696,11.9414,3
p166,16.845,10.6672,3
p167,18.5378,11.6516,3
p168,17.1877,11.9828,3
p169,18.4527,11.2468,3
p170,16.8956,11.1065,3
p171,18.1422,11.9966,3
p172,16.8059,11.1318,3
p173,17.4913,10.428,3
p174,16.3045,10.8765,3
p176,17.5396,11.4791,3
p177,17.7328,11.21,3
p178,17.466,10.4234,3
p179,18.4803,12.0955,3
p180,17.2889,11.7873,3
p182,17.6523,11.509,3
p183,17.4982,11.9552,3
p184,17.5948,11.3848,3
p185,17.7328,11.6562,3
p187,17.9651,12.5256,3
p188,17.0428,11.3595,3
p189,17.6086,11.7206,3
p190,18.9817,11.6999,3
p191,17.1992,12.5969,3
p192,16.9163,11.4929,3
p193,17.3096,11.1893,3
p194,18.9403,11.6999,3
p196,16.3206,12.0679,3
p197,18.4343,12.4474,3
p198,18.3124,11.6631,3
p199,16.7277,11.6654,3
p1203,16.4425,10.9915,3
p1210,16.6932,10.5361,3
p1248,17.1348,10.2601,3
p1289,17.1187,10.4602,3
p153,16.1895,9.968,4
p175,17.4453,9.8668,4
p1201,16.2631,10.0255,4
p1202,15.7525,9.738,4
p1204,16.1205,8.9905,4
p1205,16.3252,8.5903,4
p1206,16.2079,9.3884,4
p1207,14.4116,9.485,4
p1208,16.2838,8.841,4
p1209,16.9738,9.439,4
p1212,17.1141,9.7311,4
p1213,15.4558,8.45,4
p1214,14.2368,8.9537,4
p1215,15.2649,8.2131,4
p1216,16.6564,9.9243,4
p1217,16.4287,8.9169,4
p1218,16.0607,9.1584,4
p1220,14.016,10.1267,4
p1221,16.2723,9.1032,4
p1222,15.442,8.0222,4
p1223,16.6794,8.2844,4
p1224,15.0372,9.554,4
p1225,15.7594,8.4017,4
p1227,15.0556,9.4896,4
p1228,15.5892,10.2141,4
p1229,15.9595,9.3562,4
p1230,15.7594,9.6828,4
p1232,16.9669,8.519,4
p1233,14.5289,8.7306,4
p1235,15.5409,9.347,4
p1236,14.6945,8.6938,4
p1237,16.3528,9.8783,4
p1238,16.0032,8.6087,4
p1239,13.9079,9.0181,4
p1241,16.8496,9.5954,4
p1242,14.8532,8.9238,4
p1243,16.3551,9.9703,4
p1244,15.5938,8.5144,4
p1245,16.4172,9.14,4
p1246,16.3896,8.588,4
p1247,14.9268,10.3843,4
p1249,16.8312,8.5719,4
p1250,15.1729,9.4965,4
p1251,15.6421,8.8663,4
p1252,15.6099,8.8709,4
p1253,14.66,9.6989,4
p1254,16.4954,9.3907,4
p1255,15.7824,8.5811,4
p1257,15.3638,8.9238,4
p1258,15.9664,9.991,4
p1259,15.3293,8.6685,4
p1260,14.9314,7.9095,4
p1261,14.384,9.9542,4
p1262,14.5887,10.2279,4
p1263,15.5984,9.8553,4
p1264,16.1297,8.9146,4
p1265,15.6881,7.9187,4
p1266,15.9595,10.0186,4
p1267,15.971,9.623,4
p1268,15.4811,9.5816,4
p1269,15.6789,8.818,4
p1270,15.764,8.9169,4
p1271,15.189,9.1975,4
p1272,15.0004,9.1791,4
p1273,16.4126,9.7656,4
p1274,15.7479,9.3424,4
p1275,15.1844,9.7311,4
p1276,15.2143,10.0071,4
p1277,16.2148,8.3258,4
p1278,15.6306,9.2182,4
p1279,16.5621,9.5034,4
p1280,14.9314,9.9887,4
p1281,16.0952,9.6184,4
p1282,16.0722,9.0227,4
p1283,15.9871,9.8139,4
p1284,16.1826,8.8962,4
p1285,14.4208,9.462,4
p1286,15.9756,10.1865,4
p1287,15.1246,9.7978,4
p1288,16.4931,9.3056,4
p1290,15.4696,8.841,4
p1291,15.5915,9.3033,4
p1292,16.224,8.9514,4
p1293,16.0216,9.6667,4
p1294,15.5041,10.1865,4
p1295,14.9452,8.7697,4
p1296,14.4185,9.3102,4
p1297,14.7658,8.7237,4
p1298,16.3459,8.5696,4
p1299,14.6324,8.5857,4
p1300,15.5386,9.8139,4
p127,16.638,12.9649,5
p154,16.845,12.9235,5
p1311,16.2516,13.2731,5
p1339,16.4425,12.935,5
p117,17.1026,13.1719,6
p131,17.6132,13.4686,6
p195,17.098,13.5744,6
p1301,16.6863,13.8642,6
p1302,17.8731,15.143,6
p1303,15.7617,14.3472,6
p1304,16.6334,13.4295,6
p1305,16.27,14.8532,6
p1306,16.9692,14.7612,6
p1307,15.9503,13.7331,6
p1308,16.9048,13.8964,6
p1309,16.4793,14.9981,6
p1312,16.7277,13.8688,6
p1313,17.213,14.0137,6
p1314,15.4466,14.9981,6
p1315,16.0745,14.0022,6
p1316,15.7571,15.258,6
p1317,15.8629,14.7635,6
p1318,16.7944,14.453,6
p1319,16.5943,15.511,6
p1320,17.1969,14.9521,6
p1321,17.3349,15.1798,6
p1322,15.5156,14.8808,6
p1323,16.3114,14.9521,6
p1324,15.9641,15.0694,6
p1325,15.8008,14.2437,6
p1326,16.6196,13.7768,6
p1327,16.431,15.5317,6
p1328,16.2171,14.9958,6
p1329,15.4397,14.7842,6
p1331,16.6679,14.5841,6
p1332,17.3924,14.6232,6
p1333,15.7985,13.7998,6
p1334,16.1734,15.2212,6
p1335,15.9733,15.7617,6
p1336,16.4149,14.8532,6
p1337,16.4103,14.3909,6
p1338,16.983,15.7272,6
p1341,15.7732,15.3293,6
p1342,15.4765,14.0505,6
p1343,16.6196,15.0165,6
p1344,15.3086,14.89,6
p1345,16.0952,14.3633,6
p1346,16.4885,14.683,6
p1347,16.1527,14.1218,6
p1348,16.2171,15.0303,6
p1349,16.4701,14.0137,6
p1350,17.7995,14.1218,6
p1351,15.6421,14.1678,6
p1352,17.2176,14.821,6
p1353,16.224,14.5174,6
p1354,16.5276,15.1844,6
p1355,16.086,14.8785,6
p1356,17.466,15.1936,6
p1357,14.9406,14.5013,6
p1359,16.799,15.6168,6
p1360,16.1067,14.4208,6
p1361,16.2953,15.2189,6
p1362,15.2971,14.6715,6
p1363,17.0727,14.3242,6
p1364,15.2948,14.7658,6
p1365,16.6058,14.9912,6
p1366,14.5588,14.4001,6
p1367,16.2378,13.8435,6
p1368,16.6886,14.7198,6
p1369,16.1182,15.2534,6
p1370,15.5823,13.8297,6
p1371,15.2051,14.039,6
p1372,16.0515,14.3081,6
p1373,16.6265,15.0855,6
p1374,16.2309,14.7497,6
p1375,16.1711,14.4208,6
p1376,17.3441,15.2258,6
p1377,15.5938,15.0487,6
p1378,17.9007,14.3127,6
p1379,15.4949,15.3385,6
p1381,17.2797,14.9268,6
p1382,16.4931,14.2437,6
p1383,16.661,16.3896,6
p1384,16.0101,14.7612,6
p1386,17.3027,13.6388,6
p1387,16.7875,15.4029,6
p1388,15.3431,15.4167,6
p1390,16.224,15.4374,6
p1391,16.5713,15.2764,6
p1393,16.7806,14.6163,6
p1395,16.7875,16.0653,6
p1396,17.4568,14.2759,6
p1397,15.6536,13.4456,6
p1398,17.0083,14.1011,6
p1399,16.3804,15.0372,6
p1400,15.9388,15.1913,6
p201,8.4155,9.7633,7
p202,7.1413,10.3981,7
p204,8.6363,9.8139,7
p205,7.8704,10.957,7
p206,7.2103,11.1249,7
p207,7.6289,9.899,7
p208,7.5645,8.8824,7
p209,7.5967,9.5241,7
p210,8.1372,10.3015,7
p211,7.8106,11.3227,7
p212,8.9514,11.0628,7
p213,8.8456,10.3866,7
p214,8.6869,11.0007,7
p215,7.6611,10.7592,7
p216,8.1648,10.3061,7
p217,9.1515,10.796,7
p218,8.5029,9.1791,7
p219,8.1441,10.8443,7
p220,9.0756,9.3723,7
p221,7.8428,9.9703,7
p222,8.8295,10.4648,7
p223,8.1993,9.7863,7
p224,9.2021,11.0076,7
p225,8.1625,10.474,7
p226,8.2085,9.9634,7
p227,8.8456,11.5619,7
p228,9.209,11.0467,7
p229,8.588,11.0329,7
p230,7.8934,11.3756,7
p231,7.898,10.2049,7
p232,9.1584,10.8535,7
p233,8.9813,9.7127,7
p234,8.6271,11.8379,7
p235,7.806,11.4975,7
p236,7.9233,10.4004,7
p237,8.8042,10.3015,7
p238,8.8272,11.0283,7
p240,8.3189,9.0365,7
p241,9.5954,9.1469,7
p242,7.4081,9.8001,7
p243,9.0733,8.9307,7
p244,7.9118,9.0848,7
p245,8.1717,9.0687,7
p246,9.393,9.4735,7
p247,7.5277,10.6994,7
p248,7.3575,10.3268,7
p249,10.1635,9.1239,7
p251,8.8249,9.9335,7
p252,7.6979,10.1405,7
p253,9.002,11.1433,7
p254,7.3253,9.6644,7
p255,8.0636,11.1088,7
p256,6.8768,10.4303,7
p257,7.737,10.3613,7
p258,7.0953,11.1433,7
p259,9.6023,9.0526,7
p261,7.0815,10.4993,7
p262,8.2729,11.1157,7
p263,7.5461,10.7178,7
p264,9.1837,9.8484,7
p265,8.1694,10.7868,7
p266,8.9951,9.5678,7
p267,7.7324,9.5954,7
p268,7.8359,9.4965,7
p269,7.9095,9.0066,7
p270,7.9969,10.7063,7
p271,8.9905,10.8006,7
p273,8.9215,10.0577,7
p274,8.4914,10.2233,7
p275,9.5678,10.5683,7
p276,8.9491,9.7863,7
p277,9.2527,10.8558,7
p278,7.7577,9.9749,7
p280,8.9836,9.7104,7
p281,8.6892,9.7219,7
p282,7.2816,10.2831,7
p283,9.2435,10.6212,7
p284,10.1681,9.0802,7
p285,8.0314,9.5678,7
p286,9.071,10.2187,7
p287,8.3557,10.152,7
p288,7.8175,8.6938,7
p289,9.0089,10.3958,7
p290,8.0774,10.6695,7
p291,7.3138,11.6608,7
p292,8.7927,10.0876,7
p293,8.4592,10.3337,7
p294,8.6823,9.0986,7
p295,9.1722,10.5729,7
p296,7.4564,11.325,7
p297,8.8019,11.3342,7
p298,8.2913,9.4229,7
p299,7.7508,10.9478,7
p300,7.7945,10.8995,7
p1801,11.7735,8.1878,7
p1802,12.0909,7.6795,7
p1803,11.509,8.7743,7
p1804,11.1985,8.3442,7
p1805,11.0536,8.289,7
p1806,11.3319,8.0452,7
p1807,10.6051,6.9044,7
p1809,11.5665,8.9905,7
p1810,11.7022,8.289,7
p1811,12.0794,8.5328,7
p1812,11.8379,8.1648,7
p1813,10.8443,7.7301,7
p1814,11.5849,9.7656,7
p1816,11.9966,7.7669,7
p1817,12.1576,8.8249,7
p1818,12.0357,7.5116,7
p1819,10.474,7.9302,7
p1820,11.4745,7.415,7
p1821,11.4009,8.4086,7
p1822,12.3002,8.6248,7
p1823,10.4579,9.0204,7
p1824,10.9018,9.2573,7
p1825,12.3025,7.9969,7
p1826,11.2859,8.082,7
p1827,12.5118,8.933,7
p1828,11.946,6.8607,7
p1829,10.4993,8.9307,7
p1830,10.8949,9.9036,7
p1831,11.1502,8.1924,7
p1832,11.3825,8.4086,7
p1833,12.337,8.2614,7
p1834,10.5384,8.1648,7
p1835,11.4699,6.8929,7
p1836,12.061,8.3465,7
p1837,11.4078,9.1285,7
p1838,10.5752,8.5903,7
p1840,10.8075,7.3046,7
p1841,9.9634,7.8497,7
p1842,10.9892,9.5747,7
p1843,10.98,8.9146,7
p1844,10.6741,8.4684,7
p1845,11.4952,7.8451,7
p1846,11.9345,8.4362,7
p1848,12.4382,8.5857,7
p1850,10.2693,8.289,7
p1851,11.0812,8.4523,7
p1852,10.2233,7.576,7
p1853,11.3135,9.2159,7
p1854,11.7275,7.484,7
p1855,11.1571,9.8783,7
p1856,11.9943,8.7858,7
p1858,10.1796,8.45,7
p1859,11.8402,9.0135,7
p1860,11.601,8.9813,7
p1861,11.6378,8.9629,7
p1862,10.7546,8.1694,7
p1863,10.2141,7.4058,7
p1865,11.3733,8.2315,7
p1866,9.7909,9.1561,7
p1867,11.647,9.163,7
p1868,11.1134,7.2264,7
p1869,11.9713,8.1694,7
p1870,9.8829,8.772,7
p1871,12.2312,8.1809,7
p1872,11.8333,7.1689,7
p1873,12.1461,7.7554,7
p1874,11.5458,7.3667,7
p1875,9.0411,8.5466,7
p1876,11.0329,7.3391,7
p1877,11.5481,8.8617,7
p1878,11.9161,8.2246,7
p1879,10.1796,7.9578,7
p1880,11.8103,8.2269,7
p1881,10.9938,8.7145,7
p1882,11.7321,7.7577,7
p1883,11.0766,9.025,7
p1884,11.8816,9.2872,7
p1885,10.4924,8.8686,7
p1886,11.7919,8.0613,7
p1887,12.1967,9.3677,7
p1888,10.474,8.588,7
p1889,11.3963,7.5185,7
p1890,12.0403,7.8911,7
p1891,11.3457,8.8111,7
p1892,11.67,8.5765,7
p1893,11.3641,7.0999,7
p1894,10.9064,7.2655,7
p1895,11.3802,8.4086,7
p1896,10.9501,8.6156,7
p1897,11.6631,8.2039,7
p1898,11.9851,9.6345,7
p1899,12.0587,7.7347,7
p260,6.0695,9.669,8
p2902,5.8073,11.3227,8
p2903,5.5474,10.2233,8
p2904,3.9811,10.7615,8
p2905,5.4117,11.0053,8
p2906,4.2272,10.2279,8
p2907,6.2282,10.1543,8
p2908,4.5929,8.9054,8
p2909,5.4991,9.5954,8
p2910,4.0708,10.5844,8
p2911,3.9788,10.2233,8
p2912,4.1237,10.2187,8
p2913,4.0616,9.9979,8
p2914,4.563,10.7086,8
p2915,4.3353,10.1658,8
p2916,4.8735,9.8599,8
p2917,4.3583,9.3102,8
p2918,5.2829,10.1911,8
p2919,4.6527,9.4068,8
p2921,4.7194,9.5149,8
p2922,4.9126,10.589,8
p2923,3.8776,10.9777,8
p2924,4.6159,10.1152,8
p2925,5.2714,9.2826,8
p2926,5.2875,10.1497,8
p2927,4.954,8.9307,8
p2928,4.0662,9.8415,8
p2929,4.8758,10.9915,8
p2930,6.1316,9.3102,8
p2931,4.6596,10.2854,8
p2932,5.5773,9.5034,8
p2933,5.5474,10.2647,8
p2934,4.5653,10.566,8
p2935,6.1201,9.4137,8
p2936,4.8482,9.3102,8
p2937,4.6596,11.0214,8
p2938,5.5819,9.9933,8
p2941,5.897,10.2325,8
p2942,5.4899,10.957,8
p2943,4.8781,9.5425,8
p2944,4.5354,9.4436,8
p2945,4.8827,10.2486,8
p2946,6.2673,10.819,8
p2947,4.8091,9.6529,8
p2948,5.8924,10.6465,8
p2949,5.2737,10.98,8
p2950,5.2369,9.0848,8
p2951,5.9798,9.3447,8
p2952,4.7378,10.6833,8
p2953,5.644,10.6327,8
p2954,4.54,9.278,8
p2955,5.2576,10.957,8
p2956,4.701,9.1423,8
p2957,6.1247,10.6741,8
p2958,5.9821,9.4137,8
p2959,3.8017,10.704,8
p2960,4.1605,10.0416,8
p2961,5.4876,10.7247,8
p2962,4.2916,9.1492,8
p2963,6.081,10.1612,8
p2964,5.069,10.8397,8
p2965,6.8055,9.4459,8
p2966,3.9742,10.1819,8
p2967,4.8781,10.2095,8
p2968,4.3974,8.7605,8
p2969,6.3662,9.4045,8
p2970,4.6619,10.4648,8
p2971,5.552,9.715,8
p2972,4.3974,10.3866,8
p2973,5.1196,10.2118,8
p2974,5.7222,10.5177,8
p2975,4.7033,9.3608,8
p2976,4.8965,9.1515,8
p2977,5.4692,10.0094,8
p2978,6.1109,10.6695,8
p2980,5.2484,9.4206,8
p2981,4.8574,9.7219,8
p2982,5.5566,11.1801,8
p2983,5.6578,9.3424,8
p2984,4.701,9.8783,8
p2986,5.0115,10.3981,8
p2987,5.6555,10.2969,8
p2988,4.9885,10.6557,8
p2989,5.7636,10.5085,8
p2990,5.483,11.1111,8
p2991,5.7935,10.6005,8
p2993,4.7976,9.6897,8
p2994,5.7222,9.7472,8
p2995,6.2144,9.8277,8
p2996,5.4899,10.7086,8
p2997,5.2323,10.198,8
p2998,4.1076,10.7132,8
p3000,5.5198,10.1681,8
p301,24.0394,24.6765,9
p302,24.6972,24.4442,9
p303,23.8945,24.9916,9
p304,23.837,24.8536,9
p305,26.4199,24.7225,9
p306,26.1853,23.7795,9
p307,24.9111,24.8168,9
p308,23.7197,23.4483,9
p310,26.4015,24.6006,9
p311,25.4332,25.4953,9
p314,23.8692,23.8531,9
p315,24.3499,25.1388,9
p316,24.1498,24.6788,9
p317,24.596,24.458,9
p318,24.6075,24.6029,9
p319,24.9134,24.6052,9
p320,24.8513,24.4856,9
p321,24.6535,23.0642,9
p322,24.0555,24.3729,9
p324,25.102,25.3205,9
p325,24.8536,24.9525,9
p327,24.8513,23.4322,9
p328,25.2009,24.711,9
p329,24.1222,24.6926,9
p330,24.6903,24.0325,9
p331,23.9842,23.3839,9
p332,25.5827,23.7864,9
p333,24.6397,24.251,9
p334,23.8393,24.3154,9
p335,25.6678,23.6599,9
p336,24.9433,24.0003,9
p337,24.7064,24.3476,9
p338,24.2441,23.6231,9
p339,24.6282,23.423,9
p341,24.6972,24.5523,9
p343,26.0404,23.8761,9
p344,25.9415,23.883,9
p345,23.9359,23.8347,9
p346,25.8058,24.6328,9
p347,24.9318,23.8623,9
p348,25.3021,24.5201,9
p349,24.5891,24.297,9
p351,24.0049,23.9129,9
p352,24.9088,24.9295,9
p354,26.4843,23.7105,9
p355,25.4447,24.0049,9
p356,24.8007,24.5017,9
p357,25.9668,25.079,9
p358,24.3407,23.5886,9
p359,24.3154,24.2188,9
p360,25.9944,23.9796,9
p361,24.435,24.297,9
p362,24.6512,24.9433,9
p363,24.4856,23.6553,9
p364,25.2308,25.3205,9
p365,25.7184,23.9359,9
p366,24.5316,23.8071,9
p367,24.8996,24.5868,9
p368,25.4792,24.1912,9
p369,24.665,23.239,9
p370,26.1508,24.5753,9
p372,24.6098,24.7087,9
p373,24.3752,24.4787,9
p374,26.0772,24.9088,9
p375,24.0946,24.4672,9
p378,26.712,24.5224,9
p379,25.6517,23.9451,9
p380,24.8191,24.9778,9
p381,24.2855,24.2694,9
p382,25.5045,24.5247,9
p383,24.8605,23.4437,9
p384,25.4401,24.4189,9
p385,25.2722,24.7708,9
p386,24.7248,24.1107,9
p388,25.1434,23.7036,9
p389,25.0675,24.4925,9
p390,24.297,23.975,9
p393,25.4953,24.9893,9
p394,24.7593,24.366,9
p395,24.9709,23.9796,9
p396,24.4925,23.7795,9
p397,24.3545,24.4028,9
p398,24.665,23.6208,9
p399,24.7984,24.4787,9
p400,25.6632,23.9773,9
p2281,25.4976,25.1802,9
p2290,24.8191,25.0031,9
p2348,25.0422,23.0872,9
p353,24.1475,26.689,10
p2201,24.435,27.8137,10
p2202,25.3136,28.0115,10
p2203,26.0795,28.0667,10
p2204,23.8025,26.9719,10
p2205,25.4148,27.2663,10
p2206,24.9663,29.15,10
p2207,25.2216,27.1743,10
p2208,24.4166,28.5175,10
p2209,25.4194,26.6568,10
p2210,24.5891,27.4296,10
p2211,25.5597,26.9328,10
p2212,24.7616,26.4866,10
p2213,25.7759,28.6923,10
p2214,26.6936,28.1863,10
p2215,24.3637,26.8707,10
p2216,25.1963,27.2479,10
p2218,25.7506,27.0731,10
p2220,24.0325,26.4337,10
p2221,25.4378,27.5952,10
p2222,25.7138,28.7935,10
p2223,26.1416,28.5451,10
p2224,25.1825,26.3578,10
p2225,24.8375,27.8896,10
p2226,25.2952,27.057,10
p2227,24.5776,27.8206,10
p2228,25.1917,27.563,10
p2229,24.9341,28.2507,10
p2231,25.9599,28.5796,10
p2232,24.0601,27.1904,10
p2233,25.4815,29.3616,10
p2235,26.1899,28.0414,10
p2236,24.1291,27.4181,10
p2237,24.849,27.5837,10
p2238,25.7736,27.4549,10
p2239,24.7984,27.4687,10
p2240,25.7943,28.4807,10
p2241,24.9962,27.8045,10
p2242,24.5431,28.6923,10
p2243,24.2993,28.5497,10
p2244,26.0772,28.7268,10
p2245,25.6862,27.7378,10
p2246,25.9944,27.0202,10
p2249,24.136,28.4922,10
p2250,24.9548,28.7107,10
p2251,25.2032,28.3381,10
p2252,24.2487,27.5078,10
p2253,26.4567,29.012,10
p2254,25.3389,27.8574,10
p2255,26.2635,28.6946,10
p2256,25.2883,28.0391,10
p2257,26.5119,27.8436,10
p2258,25.2262,27.5193,10
p2259,25.4171,27.1099,10
p2260,25.5712,27.3077,10
p2261,26.0634,27.0685,10
p2262,24.9571,28.4646,10
p2263,25.0997,29.0787,10
p2264,25.1687,29.1247,10
p2265,24.4005,27.6872,10
p2267,25.5114,28.9407,10
p2268,24.8559,27.1191,10
p2269,24.32,28.0989,10
p2270,23.745,27.4066,10
p2271,25.5367,27.8045,10
p2272,25.4286,28.0506,10
p2273,24.9065,26.6867,10
p2274,25.5413,28.3427,10
p2275,25.884,27.9586,10
p2277,26.3302,28.2829,10
p2278,25.9622,27.0064,10
p2279,25.7414,28.1334,10
p2282,24.8996,27.3928,10
p2283,25.6701,27.126,10
p2284,25.9852,28.5313,10
p2285,25.4309,27.8873,10
p2287,25.4815,27.2479,10
p2288,24.0946,27.0938,10
p2289,24.6052,27.655,10
p2291,25.2607,27.3514,10
p2292,25.3849,29.4375,10
p2293,24.2441,27.6481,10
p2294,24.6696,26.8523,10
p2295,24.228,27.1076,10
p2296,25.3711,28.2898,10
p2297,24.412,27.4043,10
p2298,24.7938,28.7429,10
p2299,25.1411,27.0064,10
p2300,24.2717,27.6274,10
p371,25.1135,22.2385,11
p392,25.6862,23.1999,11
p2301,26.6821,22.9722,11
p2302,26.0749,22.4961,11
p2303,26.6775,21.4588,11
p2304,26.7143,21.8613,11
p2306,27.126,21.974,11
p2307,27.3537,21.5945,11
p2308,27.2824,21.4749,11
p2309,26.9581,22.4662,11
p2310,27.0432,21.9487,11
p2311,26.942,22.342,11
p2312,26.3394,23.2551,11
p2313,25.3734,21.7762,11
p2314,26.2865,21.5646,11
p2315,26.8891,21.9648,11
p2316,27.103,21.3277,11
p2317,27.6159,22.319,11
p2318,26.2612,22.4294,11
p2319,27.126,20.7527,11
p2320,26.5671,21.33,11
p2321,26.7488,22.7054,11
p2322,26.5165,22.5467,11
p2323,26.6292,22.1626,11
p2325,26.6108,22.1097,11
p2326,27.1421,21.7877,11
p2327,26.7051,20.7803,11
p2328,27.5883,22.0154,11
p2330,26.0588,21.1207,11
p2331,26.6752,22.0959,11
p2332,26.8339,21.2219,11
p2333,27.0202,20.6561,11
p2334,26.9351,21.9096,11
p2335,26.1876,22.9998,11
p2336,27.3238,20.5319,11
p2338,25.7713,23.0297,11
p2339,26.3578,21.6359,11
p2340,26.2566,21.8889,11
p2341,27.8689,21.7693,11
p2342,27.7263,22.5467,11
p2343,26.229,22.0982,11
p2344,26.5349,21.9763,11
p2345,26.459,22.4087,11
p2346,26.4084,21.5577,11
p2347,27.1375,22.4524,11
p2349,27.3514,20.5894,11
p2350,27.793,22.5352,11
p2351,26.5119,22.5099,11
p2352,27.2387,22.3006,11
p2353,25.8196,21.0839,11
p2354,26.7212,21.008,11
p2355,26.6959,21.6589,11
p2356,25.9139,23.2183,11
p2357,27.1697,22.112,11
p2358,27.2525,21.8613,11
p2359,26.2221,21.675,11
p2360,26.7925,21.3829,11
p2361,26.0542,23.1378,11
p2362,27.2548,20.8562,11
p2363,26.6545,22.6042,11
p2364,26.8224,22.4156,11
p2365,27.1076,22.365,11
p2366,27.1881,21.6888,11
p2367,27.5768,21.5899,11
p2368,26.321,22.0292,11
p2369,25.4033,22.7284,11
p2370,27.0593,21.629,11
p2371,27.4135,22.3443,11
p2372,26.2175,21.5738,11
p2373,27.0225,22.4984,11
p2374,27.2571,22.6479,11
p2375,25.8679,22.0039,11
p2376,27.8367,22.6226,11
p2377,26.7051,23.3057,11
p2378,28.092,22.8411,11
p2379,26.9305,22.4064,11
p2380,26.5648,21.1506,11
p2381,28.1426,21.4956,11
p2382,27.3192,22.4041,11
p2383,26.6246,21.2403,11
p2384,26.114,21.3047,11
p2385,25.4723,22.5513,11
p2386,27.4181,21.5715,11
p2388,26.6614,21.4542,11
p2390,27.0455,22.5789,11
p2391,28.1035,21.3898,11
p2392,27.103,21.8475,11
p2393,26.5487,21.4795,11
p2394,26.9006,21.261,11
p2395,26.3693,22.6318,11
p2396,26.5372,23.3103,11
p2398,26.2612,22.6134,11
p2399,25.2883,22.1902,11
p2400,25.7184,22.4915,11
p401,4.057,21.4519,12
p402,5.7912,19.7499,12
p403,3.9719,19.8787,12
p404,5.3174,18.8092,12
p406,4.9172,20.7688,12
p407,4.3951,20.1363,12
p408,6.1868,19.2324,12
p409,4.8045,21.1989,12
p410,6.173,19.3359,12
p412,4.9218,20.019,12
p413,6.0672,19.8695,12
p414,6.3248,19.9684,12
p415,4.7424,20.41,12
p416,4.6665,20.4514,12
p417,4.3491,20.2697,12
p418,5.0897,19.8902,12
p419,5.7498,20.6883,12
p420,6.0304,20.1501,12
p421,4.2962,20.9275,12
p422,4.1973,20.4997,12
p423,4.3192,20.1708,12
p424,6.1661,21.6704,12
p425,5.115,19.7499,12
p426,5.0069,20.8263,12
p427,5.0621,20.1478,12
p428,4.7286,19.2761,12
p429,5.3013,19.4233,12
p430,5.5704,19.4716,12
p431,5.7337,20.502,12
p433,5.5244,20.4353,12
p434,5.3473,20.3893,12
p435,5.3588,19.7062,12
p436,5.7061,19.214,12
p437,6.1638,19.766,12
p438,4.931,20.0305,12
p439,5.184,20.5963,12
p440,5.6256,21.2702,12
p441,5.9775,21.4726,12
p442,5.4393,19.6602,12
p443,6.2673,18.7494,12
p444,4.9839,19.5705,12
p445,4.7723,19.8373,12
p446,5.1334,20.7734,12
p447,4.2594,21.0816,12
p448,6.012,19.7706,12
p449,4.5676,19.9776,12
p450,4.2042,20.9942,12
p451,5.9016,20.1225,12
p452,6.1592,21.0908,12
p453,5.4117,19.3405,12
p454,4.9724,20.0167,12
p455,4.5906,19.3014,12
p456,5.4531,20.7067,12
p458,6.5134,21.4151,12
p459,5.3864,20.8355,12
p460,4.4756,20.2766,12
p461,4.9632,20.1248,12
p462,5.2898,19.7545,12
p463,3.9604,21.5669,12
p464,3.9627,20.8884,12
p465,6.1523,18.9058,12
p466,5.3105,18.5033,12
p467,3.8293,20.8424,12
p469,3.896,20.065,12
p470,4.3376,19.7821,12
p471,5.69,18.3952,12
p472,5.4623,19.306,12
p474,4.6987,19.5751,12
p475,6.6974,20.0121,12
p476,6.1247,20.088,12
p477,6.4214,20.571,12
p478,5.322,19.5705,12
p479,4.8758,20.4468,12
p480,5.8694,20.3709,12
p481,5.7406,21.3898,12
p482,6.1753,20.4284,12
p483,3.6499,20.364,12
p484,5.6233,19.8304,12
p485,5.3013,20.2444,12
p486,6.2006,20.1892,12
p487,5.6463,18.9334,12
p488,5.5359,20.801,12
p489,5.4209,21.2518,12
p491,6.3455,20.0834,12
p492,4.1904,21.2265,12
p493,5.5681,21.0333,12
p494,4.793,20.364,12
p495,5.5566,20.3778,12
p496,5.0552,18.2365,12
p497,4.7677,20.5503,12
p498,5.7613,19.5889,12
p500,6.5709,20.4031,12
p1501,8.4086,15.7893,12
p1502,9.5218,14.8164,12
p1503,8.8341,15.0855,12
p1505,8.0567,14.7428,12
p1506,9.3378,15.5018,12
p1507,7.7416,15.3707,12
p1508,8.7375,15.1407,12
p1509,7.8704,16.086,12
p1511,9.5471,15.0165,12
p1512,8.1671,15.3362,12
p1513,7.4679,15.0625,12
p1514,7.3966,15.8928,12
p1515,8.8134,14.2644,12
p1516,8.7766,14.7336,12
p1517,8.6639,15.8514,12
p1518,7.5116,15.1522,12
p1519,9.4781,14.5979,12
p1520,8.5236,14.3472,12
p1521,8.795,15.1867,12
p1522,7.6956,16.2148,12
p1523,7.8888,15.1039,12
p1524,7.8267,15.81,12
p1525,9.1515,15.5616,12
p1526,9.3884,15.2672,12
p1527,8.8686,14.982,12
p1528,9.2274,14.8233,12
p1529,9.3125,15.3592,12
p1530,9.4045,16.2194,12
p1532,8.9261,14.6508,12
p1533,8.5949,15.2028,12
p1534,7.8267,15.35,12
p1535,7.7094,14.637,12
p1536,8.7674,15.2534,12
p1537,9.1745,14.7888,12
p1538,9.209,14.8049,12
p1539,7.3966,16.1987,12
p1540,9.6506,15.5685,12
p1541,8.3787,14.6278,12
p1542,9.8829,14.5289,12
p1543,8.3672,14.8762,12
p1544,7.9624,16.04,12
p1545,9.1584,15.3247,12
p1546,7.9302,14.6876,12
p1547,8.5535,16.5575,12
p1548,8.6639,15.1913,12
p1549,9.6874,15.4236,12
p1550,8.6133,14.0459,12
p1551,7.8428,14.4507,12
p1552,8.1809,15.7571,12
p1553,8.7904,14.4208,12
p1554,9.2757,14.9061,12
p1555,8.7237,15.189,12
p1556,9.6115,15.6651,12
p1557,8.8916,14.6968,12
p1558,8.4983,16.224,12
p1559,9.2136,13.7607,12
p1560,8.7168,14.2437,12
p1561,8.9008,16.017,12
p1562,7.2448,15.0096,12
p1563,8.9514,14.6347,12
p1564,8.2614,15.2465,12
p1565,8.7191,15.7939,12
p1566,9.5333,15.4627,12
p1567,9.5563,15.6927,12
p1568,8.8157,16.1021,12
p1569,8.5627,15.3339,12
p1570,8.2959,15.6973,12
p1571,8.818,15.4029,12
p1572,10.5108,14.9912,12
p1573,8.519,14.9751,12
p1574,8.933,13.9286,12
p1575,8.9445,14.683,12
p1577,9.5724,15.8836,12
p1578,7.5645,15.9089,12
p1579,9.7564,14.9153,12
p1580,8.1257,15.3546,12
p1581,8.6455,16.5483,12
p1582,8.8732,15.2258,12
p1583,7.783,14.775,12
p1584,8.6409,15.9135,12
p1585,10.1221,15.1177,12
p1586,7.2126,15.488,12
p1587,7.8152,15.649,12
p1588,9.8185,14.6715,12
p1589,9.0388,15.6697,12
p1590,9.3125,15.1016,12
p1591,7.7462,15.2833,12
p1592,7.3713,15.4029,12
p1593,9.5563,14.9061,12
p1594,8.4316,15.2994,12
p1595,8.3603,16.7024,12
p1596,8.8088,16.1159,12
p1597,9.2941,15.143,12
p1598,7.645,14.9452,12
p1599,8.059,14.476,12
p1600,8.7766,15.3868,12
p1601,10.9892,13.0615,12
p1602,12.0771,13.7607,12
p1603,12.1921,14.6209,12
p1605,11.21,14.2874,12
p1608,11.4055,15.5892,12
p1609,12.3117,13.7078,12
p1610,12.2542,15.0901,12
p1611,11.785,14.7888,12
p1612,11.3181,14.6347,12
p1613,12.5486,13.9585,12
p1614,11.3043,14.4553,12
p1615,11.6562,14.9843,12
p1616,11.3664,13.7814,12
p1617,11.6447,15.5271,12
p1619,12.9649,15.1913,12
p1620,11.0904,14.6163,12
p1621,11.762,13.4732,12
p1622,11.9575,14.5289,12
p1623,10.9225,15.0993,12
p1624,12.8177,14.7014,12
p1625,11.2284,14.6531,12
p1626,10.589,14.1379,12
p1627,10.842,14.0896,12
p1628,11.7459,15.166,12
p1629,11.4446,13.0132,12
p1630,10.4924,14.5266,12
p1631,11.7459,14.154,12
p1632,11.1778,14.3702,12
p1633,12.3807,13.5951,12
p1634,13.0132,14.1954,12
p1635,10.8374,14.2989,12
p1636,12.4175,13.3053,12
p1637,13.1765,14.6922,12
p1638,10.9455,14.8854,12
p1639,11.9989,13.6756,12
p1640,12.1553,14.4047,12
p1641,13.1397,14.5427,12
p1642,11.3641,15.1913,12
p1643,11.5182,15.2626,12
p1644,11.5274,15.1131,12
p1645,11.6884,15.0119,12
p1646,12.6107,14.959,12
p1647,11.1686,15.5133,12
p1648,12.774,14.4231,12
p1649,11.6056,14.66,12
p1650,11.8287,15.5363,12
p1651,11.5688,15.649,12
p1652,12.0909,15.1476,12
p1653,10.6741,14.2184,12
p1654,11.9966,13.7446,12
p1655,11.3526,14.6301,12
p1656,11.1111,14.1724,12
p1657,12.912,13.878,12
p1658,10.4395,14.5565,12
p1659,12.5693,14.338,12
p1660,11.2767,13.2064,12
p1662,10.7776,13.8711,12
p1663,11.1778,14.1839,12
p1664,11.8264,14.3656,12
p1665,12.498,14.5036,12
p1666,11.4009,13.6963,12
p1667,11.4515,14.3495,12
p1668,11.1157,13.2869,12
p1669,10.6695,14.2506,12
p1670,11.5527,13.8734,12
p1671,12.4819,13.6871,12
p1672,11.6171,15.718,12
p1673,11.7436,13.8964,12
p1674,11.4745,13.1673,12
p1675,11.5297,14.0528,12
p1676,12.0725,13.3904,12
p1677,10.7086,15.4696,12
p1678,11.6907,14.4438,12
p1681,10.129,14.4852,12
p1682,10.7408,14.5588,12
p1683,12.1714,15.4052,12
p1684,11.762,13.9447,12
p1685,11.0973,13.1328,12
p1686,12.222,14.6623,12
p1687,11.7344,14.1402,12
p1688,12.4037,14.4093,12
p1689,12.1415,15.4742,12
p1690,11.3595,14.3817,12
p1691,12.6751,14.798,12
p1692,11.9644,14.2322,12
p1694,11.9414,14.6255,12
p1695,11.4055,14.6439,12
p1697,11.8356,15.4719,12
p1698,11.2836,13.8159,12
p1699,10.5476,14.0666,12
p1700,11.946,15.0188,12
p2071,6.5617,21.4841,12
p3001,5.8441,17.3993,12
p3002,4.6182,17.7535,12
p3003,5.368,17.5005,12
p3004,6.0672,15.9986,12
p3005,5.8533,16.4103,12
p3006,5.4899,17.2774,12
p3007,5.6279,16.5667,12
p3008,5.0253,18.156,12
p3009,6.6882,16.2424,12
p3010,5.897,17.3625,12
p3011,5.1173,16.7461,12
p3012,5.6118,17.3809,12
p3013,6.0511,16.1021,12
p3015,5.9775,17.8248,12
p3016,5.9223,16.9899,12
p3017,5.7889,16.8933,12
p3018,5.5267,16.0883,12
p3019,6.7181,17.5971,12
p3020,5.4508,15.3776,12
p3021,5.7498,17.0014,12
p3022,5.7406,15.9641,12
p3023,7.0309,16.73,12
p3024,5.4117,17.0819,12
p3026,5.8993,16.5437,12
p3027,6.2075,15.6697,12
p3028,6.0741,17.696,12
p3029,5.253,16.8128,12
p3030,4.5354,15.8491,12
p3031,6.1132,16.0446,12
p3032,5.2484,17.6615,12
p3033,6.6767,15.7387,12
p3034,6.1086,17.3855,12
p3035,5.7935,17.8478,12
p3036,6.1132,16.1872,12
p3037,5.8004,15.4972,12
p3038,6.7388,17.2337,12
p3039,6.1891,18.1169,12
p3040,5.0644,17.5649,12
p3041,4.8758,16.5598,12
p3042,5.0828,17.7834,12
p3043,5.7935,17.4499,12
p3044,6.7802,16.983,12
p3045,4.862,17.1118,12
p3046,6.0465,17.5051,12
p3047,5.5888,16.3114,12
p3048,6.3455,16.8772,12
p3049,5.7084,15.7893,12
p3050,6.2535,16.4954,12
p3051,6.6537,17.0198,12
p3052,6.2052,15.6674,12
p3053,6.3018,15.7893,12
p3054,5.9453,16.7967,12
p3055,5.6394,17.9766,12
p3056,5.4761,16.9186,12
p3057,7.0608,16.086,12
p3058,4.7562,17.8777,12
p3059,5.4531,17.4154,12
p3060,6.1155,16.8772,12
p3061,5.9936,17.7029,12
p3062,4.8643,16.0814,12
p3063,5.4968,16.1826,12
p3064,6.0442,17.0934,12
p3065,6.3409,17.7857,12
p3066,4.7217,16.0055,12
p3067,7.0493,16.224,12
p3068,5.0552,18.5217,12
p3069,5.4416,18.4987,12
p3070,6.9872,17.2383,12
p3071,5.1311,16.6817,12
p3073,6.0879,16.1205,12
p3074,5.8878,16.3781,12
p3075,6.2121,17.9582,12
p3076,6.9849,17.1785,12
p3077,5.3542,17.2015,12
p3078,7.2149,16.7944,12
p3079,6.8906,16.0952,12
p3080,5.552,15.557,12
p3081,6.0488,16.2102,12
p3082,5.7498,16.5069,12
p3083,6.3064,16.8243,12
p3084,5.3266,16.6725,12
p3085,6.4237,17.4706,12
p3086,5.1909,16.1458,12
p3087,5.8947,16.2677,12
p3088,5.4669,17.7489,12
p3089,4.816,17.0037,12
p3090,5.8901,16.9393,12
p3091,6.0419,17.3625,12
p3092,6.5456,16.6978,12
p3093,6.0626,17.0865,12
p3094,5.1219,18.4274,12
p3095,7.3414,16.8197,12
p3096,5.138,16.615,12
p3097,5.736,16.9991,12
p3098,5.276,17.2475,12
p3099,6.4444,16.2033,12
p432,7.1321,19.7384,13
p457,7.0355,19.6073,13
p468,7.2701,20.0558,13
p473,7.231,19.8856,13
p2001,8.772,20.778,13
p2003,9.6713,20.6906,13
p2004,8.6225,22.2132,13
p2005,8.8134,21.1,13
p2006,8.3005,21.2426,13
p2007,8.8617,21.4059,13
p2009,7.1666,20.1018,13
p2010,9.3838,21.2357,13
p2011,9.0641,21.8015,13
p2012,8.5489,21.6405,13
p2013,8.8663,20.6929,13
p2014,7.4035,20.1777,13
p2016,9.2113,21.9556,13
p2017,9.2573,22.0246,13
p2018,7.5116,22.5421,13
p2019,8.9307,22.3121,13
p2020,8.9215,21.2863,13
p2022,9.3815,21.6796,13
p2023,8.151,21.7072,13
p2024,8.6317,21.1184,13
p2025,8.8318,20.3847,13
p2026,8.2315,20.6768,13
p2027,7.9509,20.6975,13
p2028,8.312,21.3484,13
p2029,8.4569,21.3185,13
p2030,9.1147,21.5784,13
p2031,7.806,22.0729,13
p2032,9.6368,21.6888,13
p2033,7.6726,22.1212,13
p2034,8.9238,20.2444,13
p2035,8.7559,21.7716,13
p2036,8.9583,20.3226,13
p2037,7.829,21.0218,13
p2038,9.4459,21.9257,13
p2039,9.0733,21.3852,13
p2040,7.8152,21.4979,13
p2041,8.6409,22.4202,13
p2042,8.8364,20.7849,13
p2043,7.8474,21.1046,13
p2044,7.5668,20.5986,13
p2045,9.5563,21.7555,13
p2046,9.0526,22.1511,13
p2047,9.3125,20.8309,13
p2048,8.1119,21.7785,13
p2049,9.9197,20.4928,13
p2050,9.4597,21.0471,13
p2051,9.4781,20.6239,13
p2052,10.0048,21.4542,13
p2053,8.9169,19.8419,13
p2054,8.8042,22.2707,13
p2055,9.9749,20.5388,13
p2056,7.5576,20.1616,13
p2057,7.6611,20.5043,13
p2058,9.0825,22.5605,13
p2059,8.5834,21.8636,13
p2060,9.4505,22.1787,13
p2061,8.2315,20.9505,13
p2063,8.3925,21.2242,13
p2064,8.1073,22.1235,13
p2065,7.668,20.3916,13
p2066,9.669,20.2674,13
p2067,8.6041,21.3622,13
p2068,8.611,21.5255,13
p2069,7.6427,22.1948,13
p2070,8.6938,21.0011,13
p2072,9.5333,21.3852,13
p2073,8.864,21.5117,13
p2074,8.4132,21.1115,13
p2076,8.0475,20.0328,13
p2077,9.6828,21.5922,13
p2078,8.6915,20.3778,13
p2079,8.5098,22.0315,13
p2080,9.0802,21.5347,13
p2081,9.1584,20.9436,13
p2084,9.3608,20.9551,13
p2085,8.4086,20.6354,13
p2086,8.8318,21.6129,13
p2087,9.1538,21.7509,13
p2088,7.8014,22.0361,13
p2089,8.45,20.9804,13
p2090,7.8359,22.7031,13
p2091,7.6726,21.2334,13
p2092,8.1602,20.7389,13
p2094,9.9197,21.2012,13
p2095,10.2716,20.3709,13
p2096,8.5351,22.0315,13
p2097,9.4965,21.7003,13
p2098,9.2343,21.4611,13
p2099,8.6593,21.0011,13
p2100,8.0268,20.3249,13
p2717,9.0825,22.135,13
p501,28.0805,10.5315,14
p502,27.3445,11.2123,14
p503,26.8661,10.6672,14
p504,26.6476,9.2412,14
p505,25.7115,10.0508,14
p506,26.367,10.3268,14
p507,28.2346,10.4165,14
p508,26.6361,9.784,14
p509,27.3077,9.2964,14
p510,26.7143,9.4712,14
p512,27.3445,9.3769,14
p513,26.8615,10.3245,14
p514,27.7148,11.1755,14
p515,26.4291,10.3912,14
p516,25.7598,9.3907,14
p517,27.2479,10.1842,14
p518,26.9857,10.5453,14
p519,26.6338,10.1612,14
p520,26.8753,11.2882,14
p521,26.6223,10.2762,14
p522,26.482,9.6644,14
p524,26.2543,10.3314,14
p526,26.0312,10.06,14
p527,27.9471,11.1686,14
p528,26.6154,11.6355,14
p529,26.6936,8.9675,14
p530,25.8081,9.4574,14
p531,27.3169,9.117,14
p532,25.5321,10.566,14
p534,26.7051,11.9782,14
p535,26.7626,9.6253,14
p536,27.9264,10.7109,14
p537,27.0386,10.037,14
p538,27.4986,10.4234,14
p539,26.1577,9.5632,14
p540,26.9213,11.9966,14
p541,27.2433,9.1561,14
p542,26.6959,10.2394,14
p543,27.0708,10.8144,14
p544,26.0197,10.9317,14
p545,27.2663,11.4952,14
p546,27.6136,9.7426,14
p547,27.0478,10.2854,14
p548,26.873,10.3613,14
p549,26.9282,11.3917,14
p550,27.6297,10.0209,14
p551,27.0869,9.3033,14
p553,25.7598,10.5614,14
p554,27.7447,10.9708,14
p555,26.988,9.991,14
p556,26.7189,10.2624,14
p557,26.7718,10.267,14
p558,27.402,10.9087,14
p559,26.1485,10.6166,14
p560,26.9811,10.2969,14
p561,26.5694,9.2274,14
p562,27.6757,9.5816,14
p563,28.1817,10.8673,14
p564,26.0726,10.911,14
p565,26.5855,10.1451,14
p566,27.1375,10.9432,14
p567,27.31,9.3401,14
p568,27.3123,10.2532,14
p570,27.0179,9.6023,14
p571,28.1518,10.5453,14
p572,27.0179,10.6166,14
p573,27.8942,10.4786,14
p574,27.563,10.2739,14
p575,27.0432,9.6,14
p576,26.9443,10.865,14
p577,26.321,10.5407,14
p579,27.9287,10.9938,14
p580,25.6701,10.9225,14
p581,26.7051,10.3406,14
p582,27.4296,9.7426,14
p583,28.0,10.8903,14
p584,27.3698,10.2279,14
p585,26.9052,9.0319,14
p587,26.1577,10.5292,14
p588,27.0823,10.0876,14
p589,26.8707,10.3475,14
p590,26.3877,9.6989,14
p591,26.3831,10.3038,14
p592,27.0478,10.4809,14
p593,26.7741,8.8272,14
p594,26.6131,11.5734,14
p595,26.7557,8.8387,14
p596,25.7368,9.7403,14
p597,26.0956,10.3751,14
p598,25.8058,10.635,14
p599,26.4245,10.2923,14
p600,25.8357,10.451,14
p601,19.9339,27.9149,15
p602,21.1115,27.2065,15
p604,20.4514,27.2134,15
p605,21.6175,27.3767,15
p607,21.0655,27.7194,15
p608,21.4841,28.1242,15
p609,21.5117,27.9517,15
p611,21.5922,26.873,15
p613,20.847,28.2852,15
p614,20.2053,27.6596,15
p615,19.6993,27.8827,15
p617,21.7325,27.8804,15
p619,21.0908,26.436,15
p620,20.2076,28.023,15
p621,20.686,27.7884,15
p622,21.7808,27.8735,15
p623,21.6037,28.2461,15
p624,21.5485,26.9213,15
p625,21.7831,26.7511,15
p626,21.7003,27.2571,15
p627,22.273,27.7723,15
p629,21.7785,26.712,15
p630,20.0788,26.6177,15
p632,20.5687,27.4618,15
p633,20.5273,28.253,15
p634,20.8838,27.448,15
p635,20.9275,26.0404,15
p636,20.7849,26.459,15
p638,21.7325,26.5901,15
p639,20.8999,27.8873,15
p640,21.0195,26.505,15
p641,21.5485,27.747,15
p642,22.1672,26.9926,15
p643,21.8268,26.7649,15
p645,20.6607,26.7902,15
p646,21.2794,27.6389,15
p647,21.1805,26.8638,15
p648,20.7987,27.1421,15
p649,21.7624,26.5832,15
p650,20.962,27.2042,15
p651,21.2909,27.8873,15
p653,21.6175,27.5538,15
p654,20.3617,27.8666,15
p655,21.9717,27.4342,15
p657,20.6791,26.9512,15
p658,21.6405,28.5359,15
p659,20.732,26.7557,15
p663,20.502,27.0478,15
p664,20.4077,27.678,15
p665,21.2081,27.0915,15
p666,21.8636,27.7746,15
p667,21.1368,28.2576,15
p668,21.8774,27.241,15
p669,21.5301,27.517,15
p671,20.6814,26.8477,15
p672,20.3364,27.0018,15
p673,20.824,27.954,15
p674,20.8723,28.3082,15
p675,21.1506,28.1633,15
p676,21.468,27.3652,15
p677,21.2311,27.0984,15
p678,20.9988,27.1329,15
p679,22.3029,27.54,15
p681,21.054,28.5819,15
p682,21.0241,27.0294,15
p683,21.974,27.2042,15
p684,21.215,27.241,15
p685,22.1189,27.4618,15
p686,21.4588,27.4227,15
p687,22.0637,27.8965,15
p688,21.8222,27.1835,15
p689,21.215,27.4181,15
p690,21.1667,26.5165,15
p691,21.1575,26.7005,15
p692,21.4772,27.4848,15
p693,21.8107,27.333,15
p694,20.7044,27.4411,15
p695,21.1506,27.5722,15
p696,20.2007,27.0363,15
p698,20.7849,27.5446,15
p699,21.4519,26.85,15
p700,20.5296,27.6228,15
p610,23.0182,27.5423,16
p612,22.802,27.3836,16
p618,22.6525,28.1564,16
p680,23.1056,27.724,16
p697,22.8066,27.8321,16
p701,13.5238,18.1077,17
p702,13.7262,18.3699,17
p703,13.9792,18.8575,17
p704,13.5468,18.8805,17
p705,14.016,18.8667,17
p706,14.1379,18.9909,17
p707,13.8596,18.0525,17
p708,12.6291,20.134,17
p709,13.8596,18.2733,17
p710,14.2391,19.5521,17
p711,15.6007,18.9518,17
p712,14.0482,17.926,17
p713,13.05,18.2342,17
p715,13.717,18.7103,17
p716,14.7221,19.1864,17
p717,14.9153,18.1008,17
p718,12.9948,20.7136,17
p719,13.027,18.3561,17
p720,13.9447,17.88,17
p721,13.3628,19.2853,17
p722,14.4622,19.5912,17
p723,15.051,19.007,17
p725,13.3375,19.4164,17
p726,13.8849,18.8621,17
p727,13.9562,19.5935,17
p728,12.9925,20.2927,17
p729,15.1637,19.3704,17
p730,14.7842,18.2319,17
p731,14.3587,18.225,17
p732,14.3426,19.7062,17
p733,13.349,18.2342,17
p734,14.0781,17.9214,17
p735,14.1632,18.7816,17
p737,14.3081,17.9881,17
p738,13.1052,19.4624,17
p739,15.0648,18.6689,17
p740,12.8499,19.0645,17
p741,14.0344,19.0507,17
p743,13.7262,19.8465,17
p744,12.6498,18.5792,17
p745,13.4686,18.892,17
p746,14.4484,17.7811,17
p747,12.4152,19.2209,17
p748,14.2713,18.0893,17
p749,13.786,18.5217,17
p750,12.6268,19.7108,17
p751,14.062,18.7701,17
p752,13.2386,19.5958,17
p753,13.464,19.3543,17
p754,14.1425,19.4003,17
p755,14.0689,19.4233,17
p757,12.8338,18.2204,17
p758,14.8716,17.9076,17
p759,14.1448,17.9214,17
p760,15.5179,18.5286,17
p762,13.0454,19.0346,17
p763,14.5887,17.9467,17
p764,14.223,18.0019,17
p765,15.3546,19.1772,17
p766,14.6002,18.57,17
p767,14.637,19.6464,17
p768,12.8384,18.984,17
p769,13.901,18.1997,17
p770,15.2212,19.0461,17
p771,13.9792,17.4729,17
p772,15.3408,19.3888,17
p773,13.3513,18.5585,17
p774,12.9097,19.2071,17
p775,13.1972,19.4509,17
p777,12.6245,19.3405,17
p778,13.8297,18.9058,17
p779,13.4272,17.9743,17
p780,13.7515,19.0875,17
p781,13.9378,18.6275,17
p783,12.8545,19.1473,17
p784,13.924,19.3888,17
p785,14.6485,18.7724,17
p786,13.464,18.4964,17
p787,13.5192,17.5327,17
p788,13.1466,19.1312,17
p789,13.3398,19.4417,17
p790,13.6963,18.7977,17
p791,15.373,19.4371,17
p794,15.2695,18.8069,17
p795,13.6273,18.4987,17
p796,13.8458,19.3543,17
p797,13.188,18.6183,17
p798,13.4939,18.3193,17
p799,12.8729,18.7103,17
p901,11.9759,20.5894,17
p902,12.061,21.4979,17
p903,12.7027,19.559,17
p904,12.6613,21.0356,17
p906,12.2059,21.5899,17
p907,12.4152,21.9395,17
p908,13.188,22.3167,17
p909,10.7753,21.7808,17
p910,11.9805,21.1069,17
p911,11.2169,22.2454,17
p912,11.0628,21.422,17
p913,12.5187,21.1506,17
p914,11.1134,21.4335,17
p915,11.3066,20.847,17
p916,12.4267,21.1414,17
p917,12.4382,22.0959,17
p918,13.7975,21.3392,17
p919,11.1134,22.0821,17
p920,11.831,21.7072,17
p921,12.7326,22.1971,17
p922,11.5481,21.9809,17
p924,13.3099,21.0333,17
p925,12.6475,21.6497,17
p926,12.2404,21.2472,17
p927,11.6309,22.4708,17
p928,11.2537,20.6446,17
p929,12.4428,21.8636,17
p930,11.1341,21.0655,17
p931,11.1088,21.5784,17
p932,13.4801,21.077,17
p933,13.073,21.5301,17
p934,11.5987,20.8263,17
p935,12.0679,20.8286,17
p936,13.2639,21.6405,17
p937,11.5021,21.606,17
p938,12.6935,20.732,17
p939,11.164,21.974,17
p940,12.0081,21.7302,17
p941,11.9759,20.8769,17
p943,11.1594,21.445,17
p944,11.6631,22.4685,17
p945,11.0214,21.6589,17
p946,12.1323,20.9252,17
p947,12.291,21.1368,17
p948,11.0927,21.9234,17
p949,10.8213,20.6561,17
p950,12.774,21.7049,17
p951,12.1714,20.7826,17
p952,13.0983,20.8539,17
p953,12.8223,21.0218,17
p954,11.1111,20.8286,17
p955,12.4221,20.8056,17
p956,12.1806,22.2063,17
p957,11.5343,21.4036,17
p958,12.222,21.5393,17
p959,11.6539,22.1971,17
p960,12.36,20.5779,17
p961,13.3375,21.8245,17
p962,12.3071,20.9252,17
p963,13.487,22.089,17
p964,11.9966,21.4105,17
p965,11.6999,21.0356,17
p966,12.8844,22.0706,17
p967,12.6866,22.0131,17
p968,11.3664,20.9275,17
p969,11.7666,21.4519,17
p970,12.9925,21.3714,17
p971,12.8177,22.1994,17
p972,12.6337,21.8176,17
p973,11.6838,20.9045,17
p974,11.2031,20.6722,17
p975,12.8315,22.0223,17
p976,12.0426,21.215,17
p979,11.3066,21.399,17
p980,12.9235,21.675,17
p981,12.6222,21.6175,17
p982,13.4571,21.1851,17
p983,13.2685,22.1925,17
p984,12.7717,21.0057,17
p985,13.4111,21.8889,17
p986,13.2087,22.2408,17
p987,12.7142,21.1782,17
p989,10.6971,21.5508,17
p990,11.6769,21.4151,17
p991,11.4653,20.9689,17
p993,12.452,20.4767,17
p994,11.4906,21.7026,17
p995,11.1939,21.2656,17
p996,11.7413,22.1488,17
p997,12.0472,20.6377,17
p998,11.8862,20.8746,17
p999,12.6291,22.0752,17
p1000,11.9943,21.9625,17
p2801,14.4783,21.7647,17
p2802,15.0487,22.5398,17
p2803,14.5358,22.388,17
p2804,14.7934,23.147,17
p2805,15.3822,21.7624,17
p2807,16.2838,22.4271,17
p2808,16.5644,21.0103,17
p2809,16.0653,22.5444,17
p2810,16.5874,22.4708,17
p2811,15.7042,22.1419,17
p2813,15.7318,22.4915,17
p2815,15.8468,22.8572,17
p2816,15.8353,21.6865,17
p2818,14.7865,22.2086,17
p2819,14.6968,21.8751,17
p2820,15.7042,22.8664,17
p2821,14.5174,22.7054,17
p2822,15.2672,21.422,17
p2823,15.2534,20.9712,17
p2824,15.9871,21.9648,17
p2825,15.1292,23.0343,17
p2826,15.5662,22.6916,17
p2828,16.1297,22.1419,17
p2829,15.2465,22.1695,17
p2830,14.6692,20.8608,17
p2831,14.5818,23.2758,17
p2832,15.3132,21.5485,17
p2833,15.1729,22.8503,17
p2834,15.2557,21.2265,17
p2835,15.7594,21.7693,17
p2836,15.5547,21.9096,17
p2837,14.3173,23.2896,17
p2838,14.8601,22.2891,17
p2839,14.5657,23.1976,17
p2840,14.8003,22.2086,17
p2841,14.9958,21.8866,17
p2842,14.6485,21.1368,17
p2843,14.6002,21.8406,17
p2844,14.982,21.0034,17
p2845,15.1269,21.6566,17
p2846,15.3132,22.3558,17
p2847,14.9429,21.4496,17
p2848,15.4903,21.3415,17
p2849,14.6623,21.3277,17
p2850,15.0809,22.6709,17
p2851,15.0901,21.3346,17
p2852,15.7479,22.6985,17
p2853,15.9986,22.802,17
p2854,15.7502,21.8912,17
p2855,15.8882,22.595,17
p2856,14.66,22.2569,17
p2857,16.1918,21.468,17
p2858,15.4489,20.9597,17
p2859,14.5519,21.9878,17
p2860,15.3799,21.3116,17
p2861,16.2401,21.6934,17
p2863,14.9291,23.4138,17
p2864,15.6467,21.1575,17
p2865,15.5018,20.7596,17
p2866,15.6421,21.5025,17
p2867,15.6352,21.3944,17
p2868,15.8008,21.5738,17
p2869,14.9314,22.181,17
p2870,14.177,21.3622,17
p2871,14.3909,22.1925,17
p2872,14.9613,21.2081,17
p2873,15.6858,21.1207,17
p2874,15.8905,21.1069,17
p2875,16.1343,21.1414,17
p2876,15.8215,22.1373,17
p2877,14.4921,21.5531,17
p2878,15.8974,21.4841,17
p2879,14.2529,21.6911,17
p2881,16.0354,23.2482,17
p2883,14.3909,21.7141,17
p2885,15.6766,22.3811,17
p2886,14.8877,21.9073,17
p2887,15.4742,21.9694,17
p2888,15.8169,21.7762,17
p2889,15.5846,22.5053,17
p2890,15.1706,21.7762,17
p2891,15.3247,22.3926,17
p2893,14.844,22.0729,17
p2894,15.2695,21.4933,17
p2895,14.5887,23.3172,17
p2896,15.5731,21.2449,17
p2897,15.81,21.2794,17
p2898,15.6766,22.2086,17
p2899,14.9406,22.526,17
p2900,13.9999,21.6474,17
p801,18.2158,26.4751,18
p802,17.9191,25.4401,18
p803,19.0139,26.4222,18
p804,17.627,26.6982,18
p805,18.3354,26.1554,18
p806,17.9076,24.964,18
p807,17.4798,26.3969,18
p808,17.7305,25.3803,18
p809,18.7793,25.0997,18
p810,18.0479,26.1669,18
p811,17.6546,25.6287,18
p812,18.0939,26.0542,18
p814,16.0193,25.7368,18
p815,16.6817,26.1117,18
p816,18.1169,24.5063,18
p818,17.6868,25.5206,18
p819,16.2171,25.4562,18
p820,18.0709,24.9502,18
p821,18.5332,27.0064,18
p822,18.1123,26.5257,18
p823,18.2273,26.4452,18
p824,18.8759,25.3987,18
p825,18.5654,25.6862,18
p827,18.0387,25.5459,18
p828,17.3694,25.1043,18
p829,18.1054,25.9783,18
p830,18.0732,25.447,18
p831,17.9697,26.8017,18
p832,17.0773,26.3302,18
p833,16.4287,25.2883,18
p834,18.5194,24.7731,18
p835,17.8018,26.7097,18
p836,17.3303,26.1738,18
p837,17.8685,26.7718,18
p838,18.0042,25.8012,18
p839,18.3952,24.6719,18
p840,18.0364,25.7552,18
p841,16.7116,26.2106,18
p842,18.225,24.5891,18
p843,17.4844,25.5735,18
p844,18.0801,26.0887,18
p846,18.5378,25.5252,18
p847,18.3607,26.3762,18
p848,17.6201,24.5845,18
p849,18.0502,25.0261,18
p850,17.8179,25.4447,18
p851,17.5235,25.5919,18
p852,18.8184,25.0537,18
p853,18.2894,26.7166,18
p854,17.3464,25.2607,18
p855,18.3791,25.447,18
p856,17.7512,26.7902,18
p857,16.5023,25.2423,18
p859,16.9853,25.3918,18
p860,17.2567,25.24,18
p861,18.0433,25.8334,18
p862,18.0847,25.8288,18
p863,17.3441,25.9898,18
p864,18.2411,25.0583,18
p865,18.6574,26.4521,18
p866,18.4366,26.9558,18
p867,18.6275,25.3826,18
p868,18.3837,24.6167,18
p869,17.7742,26.4429,18
p870,18.0318,25.1572,18
p871,18.1675,25.7506,18
p872,18.2365,26.413,18
p873,17.6822,24.6949,18
p874,16.5897,26.1462,18
p875,17.0336,25.3665,18
p876,17.2061,24.5753,18
p877,18.6091,25.4884,18
p878,18.041,25.7575,18
p879,17.8708,25.2676,18
p880,18.3515,26.6476,18
p881,18.8621,25.2055,18
p882,16.661,25.447,18
p883,18.8184,26.8086,18
p884,19.0139,25.4539,18
p885,17.8432,25.9622,18
p886,18.4067,26.4038,18
p887,17.0842,25.424,18
p888,18.3055,25.0169,18
p889,17.4062,25.9024,18
p890,17.144,26.1393,18
p891,18.6896,25.5206,18
p892,17.512,26.0036,18
p893,18.2963,25.3826,18
p894,18.0134,26.6706,18
p895,17.7558,26.0266,18
p896,17.8294,25.746,18
p897,17.4752,24.6972,18
p898,18.1445,26.0887,18
p899,19.1335,26.298,18
p900,18.1491,25.7253,18
p2149,16.914,26.6821,18
p978,11.3572,23.5587,19
p2002,9.6943,23.1999,19
p2083,9.4413,23.055,19
p2701,10.4027,23.6553,19
p2702,10.0117,24.0394,19
p2703,10.5499,23.9474,19
p2704,10.7523,25.4355,19
p2705,8.7766,25.2837,19
p2706,9.4689,23.4667,19
p2707,10.7822,23.3402,19
p2708,10.9662,23.8646,19
p2710,9.6069,25.0698,19
p2711,9.5149,25.0882,19
p2713,11.0122,25.3412,19
p2714,10.0255,23.9773,19
p2715,9.6184,25.3987,19
p2716,10.4326,24.5178,19
p2718,8.6547,24.757,19
p2719,10.7776,24.4902,19
p2720,9.4114,24.4695,19
p2721,10.1796,24.6857,19
p2722,10.6787,23.9934,19
p2724,9.3999,23.6622,19
p2725,10.2762,24.6512,19
p2726,10.9202,24.7708,19
p2727,9.2458,24.849,19
p2728,10.4142,24.5201,19
p2729,9.9289,24.7915,19
p2730,10.0439,24.3936,19
p2731,10.5476,23.6208,19
p2733,11.0766,23.8715,19
p2734,9.7886,24.5592,19
p2735,9.9611,24.4396,19
p2736,10.2762,24.4235,19
p2737,10.9639,24.964,19
p2738,10.5982,24.7616,19
p2739,10.1405,23.2942,19
p2740,11.3664,23.8531,19
p2741,10.3452,24.2947,19
p2742,10.3567,24.3867,19
p2743,9.9082,24.849,19
p2744,9.393,23.239,19
p2745,11.7551,23.9796,19
p2746,10.1313,25.0284,19
p2747,9.8162,23.8945,19
p2748,9.4712,24.7915,19
p2749,10.175,25.1779,19
p2750,10.3452,24.6535,19
p2751,9.5839,25.4516,19
p2753,10.7155,23.0527,19
p2754,9.7679,25.0077,19
p2755,11.0099,24.4534,19
p2756,10.8903,24.734,19
p2757,9.2596,24.2211,19
p2759,10.612,25.2032,19
p2760,10.5522,22.9055,19
p2761,11.4009,23.9819,19
p2762,10.0002,24.0486,19
p2764,10.819,24.8168,19
p2765,9.6276,24.3108,19
p2766,11.0674,24.2165,19
p2767,10.9041,24.0095,19
p2768,9.1814,25.3895,19
p2769,9.8599,24.1199,19
p2770,9.922,23.7059,19
p2771,10.1244,25.0031,19
p2772,9.7472,24.2947,19
p2773,11.003,24.2372,19
p2774,10.2026,24.1153,19
p2775,11.3526,23.5058,19
p2776,10.681,23.3356,19
p2777,10.5315,24.9571,19
p2778,11.0122,25.0905,19
p2779,10.3958,23.4368,19
p2780,9.8024,23.9704,19
p2781,9.8484,23.8393,19
p2782,10.5706,23.8761,19
p2783,10.1773,24.7271,19
p2784,10.819,23.8324,19
p2786,10.083,24.1015,19
p2787,9.508,23.8439,19
p2788,9.5333,24.8697,19
p2789,10.4303,23.4759,19
p2790,9.1814,24.9732,19
p2791,10.5844,23.7749,19
p2792,9.485,22.9354,19
p2794,10.589,23.8531,19
p2795,8.8203,25.0905,19
p2796,10.6258,24.2096,19
p2797,10.4395,24.0164,19
p2798,10.4441,24.0785,19
p2799,9.4528,24.5615,19
p2800,10.3567,24.3154,19
p1001,23.1976,9.5678,20
p1002,22.2224,8.2131,20
p1003,23.9842,8.6984,20
p1004,23.354,7.7577,20
p1005,24.0279,9.853,20
p1006,22.9768,8.2591,20
p1007,24.4626,9.0089,20
p1008,23.7933,8.2821,20
p1009,23.0343,8.6892,20
p1010,23.2758,8.703,20
p1011,22.641,8.4362,20
p1012,23.2045,7.9647,20
p1013,23.6898,7.2655,20
p1014,22.9722,10.1681,20
p1015,24.1268,7.8175,20
p1016,23.8209,8.1464,20
p1017,22.6893,9.2136,20
p1018,23.5702,8.0889,20
p1019,22.4248,7.6542,20
p1020,22.7721,8.151,20
p1021,23.9244,9.163,20
p1022,22.5743,8.5374,20
p1023,22.3259,7.8635,20
p1025,23.1953,8.6018,20
p1026,23.9129,8.5489,20
p1027,23.0297,8.5075,20
p1028,23.5127,8.1073,20
p1029,23.7496,8.8893,20
p1030,23.0182,8.7858,20
p1031,23.3908,9.2251,20
p1032,22.5007,8.2476,20
p1033,22.6203,8.9169,20
p1034,21.8958,8.9905,20
p1035,22.4133,8.4132,20
p1036,22.1465,8.4339,20
p1037,24.2119,8.6156,20
p1038,24.1498,8.7904,20
p1039,23.7818,8.5259,20
p1040,24.8122,9.2941,20
p1041,22.9147,7.8152,20
p1042,24.435,8.5811,20
p1043,24.8076,8.2223,20
p1044,21.9602,8.3764,20
p1045,23.745,9.0848,20
p1046,23.2091,8.8939,20
p1048,21.8866,8.9652,20
p1049,22.5835,8.5029,20
p1051,23.8439,7.8911,20
p1052,23.4529,9.1998,20
p1053,23.5656,8.7375,20
p1054,22.0131,8.3603,20
p1055,22.3213,9.0112,20
p1056,23.9037,7.9808,20
p1057,23.5426,8.8778,20
p1058,24.3798,8.1648,20
p1059,24.6696,8.2039,20
p1060,23.3057,8.0613,20
p1061,24.389,8.8042,20
p1062,23.3218,8.9468,20
p1063,23.3632,10.0255,20
p1064,24.1935,8.6018,20
p1065,23.5472,8.9767,20
p1068,22.8572,9.1607,20
p1069,22.5398,8.1211,20
p1070,22.2523,7.599,20
p1071,23.2114,7.967,20
p1072,23.2482,9.738,20
p1073,23.722,7.9049,20
p1076,23.1332,8.1395,20
p1077,24.0831,8.4914,20
p1078,23.2114,8.4109,20
p1079,22.8572,7.9302,20
p1080,22.6042,8.8387,20
p1084,24.1406,8.5305,20
p1085,22.5904,8.4201,20
p1086,24.7478,7.783,20
p1087,22.3282,7.99,20
p1089,24.1866,9.1814,20
p1090,23.7772,9.6345,20
p1091,23.3586,9.9243,20
p1092,22.3236,8.1556,20
p1094,23.5725,9.2803,20
p1095,22.8089,7.9923,20
p1097,23.2781,9.0227,20
p1098,24.0509,9.324,20
p1099,23.2597,8.3741,20
p1100,23.4851,8.3074,20
p2479,23.6668,7.5024,20
p1101,27.6389,14.4967,21
p1102,25.9116,14.1609,21
p1103,26.5073,14.9268,21
p1104,24.826,15.2971,21
p1105,25.562,15.1476,21
p1106,26.4084,14.6163,21
p1107,24.6052,14.9958,21
p1108,25.2906,14.9567,21
p1109,26.7074,13.8573,21
p1110,25.6931,15.4443,21
p1112,25.7943,13.947,21
p1113,25.1871,14.5128,21
p1114,26.2014,13.4732,21
p1115,24.4649,14.5496,21
p1116,26.4061,14.5312,21
p1117,26.6292,16.3804,21
p1118,25.4194,14.4622,21
p1119,25.4746,13.809,21
p1120,26.965,15.0717,21
p1121,25.8886,15.2695,21
p1122,25.7322,15.6881,21
p1123,26.0887,15.8997,21
p1124,24.8697,14.6393,21
p1125,26.8638,13.9171,21
p1126,24.9824,14.9774,21
p1127,24.8858,14.3196,21
p1128,25.7092,15.0119,21
p1129,26.3693,14.5795,21
p1130,26.5533,15.0418,21
p1131,26.0381,14.3242,21
p1133,26.1807,14.8026,21
p1134,26.9029,14.6439,21
p1135,26.3946,16.7967,21
p1136,26.5648,15.603,21
p1137,26.1853,16.1872,21
p1138,26.4245,14.9176,21
p1139,27.3376,14.6301,21
p1140,26.1255,13.8918,21
p1141,26.0749,14.5151,21
p1143,27.0018,14.8417,21
p1144,26.1807,15.2396,21
p1145,25.6103,13.9378,21
p1146,26.7074,15.1568,21
p1147,27.0317,14.4323,21
p1148,25.8886,14.1954,21
p1150,27.1007,14.5243,21
p1151,26.9259,15.5639,21
p1152,25.2998,13.5905,21
p1153,26.0473,13.2018,21
p1154,25.9323,14.8486,21
p1156,25.7989,14.6715,21
p1158,26.39,13.8021,21
p1159,26.1462,15.0786,21
p1160,27.149,14.3058,21
p1161,26.9213,14.5473,21
p1162,25.1204,14.2299,21
p1163,26.3095,14.5404,21
p1164,26.068,14.4392,21
p1165,25.3918,13.9976,21
p1166,26.5441,14.4852,21
p1167,25.8311,15.5202,21
p1168,26.9604,14.8486,21
p1169,25.3872,15.6628,21
p1170,26.3095,15.8422,21
p1171,27.1812,16.3298,21
p1172,25.2814,14.2299,21
p1173,25.4102,14.637,21
p1174,26.0634,14.7336,21
p1176,26.6614,15.7088,21
p1177,26.6384,13.4042,21
p1178,26.4383,15.0418,21
p1179,26.7534,14.9383,21
p1180,25.7805,15.212,21
p1181,26.1853,14.4668,21
p1182,26.3118,14.5427,21
p1183,26.1071,13.4548,21
p1184,24.9571,15.0303,21
p1185,25.5597,13.9125,21
p1186,26.7925,14.2345,21
p1187,26.6453,15.3546,21
p1189,26.6522,14.2115,21
p1190,25.8794,15.0211,21
p1191,25.7897,15.1453,21
p1192,26.7534,15.6398,21
p1193,26.2957,15.5087,21
p1194,26.9535,15.5133,21
p1195,24.9249,13.7607,21
p1196,25.8242,14.6485,21
p1197,26.4084,15.2212,21
p1198,25.608,15.7548,21
p1199,25.3596,14.2069,21
p1200,25.3412,13.9631,21
p1701,26.9995,17.3234,21
p1702,27.1398,16.4471,21
p1703,27.8781,16.7806,21
p1704,28.3933,16.822,21
p1705,28.621,16.4632,21
p1706,28.1495,18.156,21
p1707,26.8132,17.7052,21
p1708,26.6246,18.0847,21
p1709,27.7976,18.2917,21
p1710,26.7005,16.9232,21
p1711,26.8891,17.0428,21
p1712,28.2415,18.3032,21
p1714,27.9862,17.3602,21
p1715,28.1449,16.5598,21
p1716,26.5441,17.3441,21
p1718,27.3146,18.0824,21
p1719,27.7378,16.9278,21
p1720,27.0662,16.6311,21
p1721,26.8776,18.6896,21
p1722,27.9632,16.0469,21
p1723,27.0961,17.3671,21
p1724,27.6504,17.1762,21
p1725,26.8201,18.823,21
p1726,27.1214,18.2595,21
p1727,25.8518,18.6183,21
p1728,27.7332,16.9968,21
p1729,27.0846,17.075,21
p1730,27.7884,18.3492,21
p1731,28.2898,17.9536,21
p1732,27.0478,17.8271,21
p1733,28.2139,18.133,21
p1734,27.5032,18.3975,21
p1735,26.252,18.4389,21
p1736,27.1352,18.3906,21
p1737,26.9972,17.1831,21
p1738,26.9926,17.1923,21
p1739,28.3542,16.6564,21
p1741,27.885,16.4747,21
p1742,27.7056,18.7379,21
p1743,25.9139,17.949,21
p1744,26.6062,18.2963,21
p1745,28.0069,17.9053,21
p1746,27.8942,16.9209,21
p1747,26.7488,16.0814,21
p1748,26.3118,16.2907,21
p1749,27.1628,16.73,21
p1750,28.4117,18.1192,21
p1751,27.0064,18.179,21
p1752,26.551,17.6247,21
p1754,26.7166,17.5143,21
p1755,27.0386,15.8077,21
p1756,28.6693,17.4775,21
p1757,28.6003,17.8593,21
p1758,26.6154,17.7834,21
p1759,27.379,17.9076,21
p1760,27.4549,17.4959,21
p1761,28.1196,18.2365,21
p1762,28.1173,17.7259,21
p1764,28.6486,16.5667,21
p1765,27.2824,17.1394,21
p1766,27.5124,17.0313,21
p1767,27.1513,17.236,21
p1768,26.919,16.27,21
p1769,27.7447,16.8749,21
p1770,26.6729,17.3441,21
p1772,26.1646,15.9687,21
p1774,26.9282,18.1146,21
p1775,26.1554,17.5764,21
p1776,27.0524,17.6385,21
p1777,26.6085,18.4205,21
p1778,27.6021,18.9288,21
p1779,25.677,17.9214,21
p1780,26.0565,17.1831,21
p1781,27.2111,18.6896,21
p1782,27.2686,17.834,21
p1783,27.5423,16.4609,21
p1784,27.4043,17.0865,21
p1785,28.046,18.0456,21
p1786,27.6596,16.8726,21
p1787,27.5216,16.5345,21
p1788,27.2571,16.9623,21
p1789,27.0248,17.4913,21
p1790,27.4963,17.4062,21
p1791,27.563,16.9324,21
p1792,28.0161,16.8726,21
p1793,26.8201,19.0576,21
p1794,26.3371,18.1192,21
p1795,25.9208,17.8547,21
p1796,27.1352,18.9265,21
p1797,25.8311,18.0295,21
p1798,27.1881,17.6339,21
p1799,27.6435,17.9789,21
p1800,25.7897,17.7328,21
p2504,25.5804,15.4167,21
p1401,20.5227,19.4578,22
p1402,19.7683,19.9868,22
p1403,21.4864,19.7039,22
p1404,19.6832,18.3515,22
p1405,21.6014,20.4905,22
p1406,20.203,19.9592,22
p1407,20.6975,19.8258,22
p1408,19.6763,19.8626,22
p1409,21.1506,20.1294,22
p1410,19.6694,19.9776,22
p1411,21.3921,19.0691,22
p1412,19.7821,20.2237,22
p1413,20.4813,19.0162,22
p1414,20.1202,19.0737,22
p1415,20.7849,20.4767,22
p1416,21.3369,19.7177,22
p1417,19.3313,19.6372,22
p1418,19.7476,19.1013,22
p1420,20.6377,19.3934,22
p1422,20.3456,19.0553,22
p1424,20.5572,19.3589,22
p1425,20.8654,20.4491,22
p1426,20.2536,19.1036,22
p1428,20.9758,19.0944,22
p1429,20.9919,20.5618,22
p1430,20.7251,19.5429,22
p1431,19.3727,19.5659,22
p1432,19.7775,18.8828,22
p1433,19.6211,19.1266,22
p1434,19.536,20.0581,22
p1435,20.5089,19.2945,22
p1436,21.3346,20.3134,22
p1437,19.2715,18.4504,22
p1438,19.8971,19.3244,22
p1439,21.1161,19.5544,22
p1440,20.2789,18.6068,22
p1441,20.2973,19.053,22
p1442,20.7343,19.95,22
p1443,21.2449,20.0374,22
p1444,21.5646,20.4031,22
p1445,20.3502,19.6694,22
p1446,20.3847,19.1197,22
p1448,20.7021,19.7545,22
p1449,20.4836,19.3175,22
p1450,19.4256,19.306,22
p1451,19.8258,20.0972,22
p1452,19.5682,19.881,22
p1453,19.7798,20.1915,22
p1454,20.1777,19.1933,22
p1455,20.2628,19.6855,22
p1457,21.1805,19.2531,22
p1458,19.6832,19.0139,22
p1459,20.1777,20.0213,22
p1460,21.1322,20.8033,22
p1461,20.042,20.1915,22
p1462,19.7867,20.5963,22
p1463,20.9873,19.5958,22
p1464,19.9523,18.8046,22
p1466,19.7936,19.3244,22
p1467,20.8608,19.1979,22
p1468,20.2375,20.0328,22
p1469,20.6423,20.226,22
p1470,20.7826,20.4997,22
p1471,20.2375,19.3405,22
p1472,20.364,18.2457,22
p1473,19.3865,20.4192,22
p1474,21.123,19.1059,22
p1476,20.1478,18.3768,22
p1477,21.2679,19.1979,22
p1478,19.7016,17.9766,22
p1479,20.6262,18.9932,22
p1480,20.6837,20.3916,22
p1481,21.1322,19.8557,22
p1482,19.9178,19.4279,22
p1483,20.3502,20.0949,22
p1484,19.2899,20.0949,22
p1485,19.7246,19.8971,22
p1486,20.5135,19.3405,22
p1487,20.939,20.3341,22
p1488,19.7798,20.3134,22
p1489,19.5567,19.0599,22
p1490,20.6998,20.7688,22
p1491,21.3852,19.5659,22
p1492,21.0402,19.1887,22
p1493,21.2633,19.6096,22
p1494,20.0811,19.2301,22
p1497,20.6837,19.8695,22
p1498,20.939,20.893,22
p1499,19.9385,18.1284,22
p1500,19.8833,18.8529,22
p1901,4.3629,28.2208,23
p1902,4.3284,26.9972,23
p1903,5.5566,27.0041,23
p1904,6.3202,27.3445,23
p1905,4.4457,27.3008,23
p1906,4.5998,26.3762,23
p1907,5.2737,27.8206,23
p1908,4.8344,27.0524,23
p1911,4.7447,26.8132,23
p1912,5.6762,27.3238,23
p1913,5.8924,28.2116,23
p1914,5.4048,27.8114,23
p1915,4.9034,26.8017,23
p1916,4.7677,28.5727,23
p1917,6.2673,26.8638,23
p1918,6.3616,27.5584,23
p1920,6.1983,27.103,23
p1922,4.9402,27.2088,23
p1923,5.2254,28.5014,23
p1924,5.2116,27.6941,23
p1925,6.6813,27.5607,23
p1926,5.7659,28.1978,23
p1927,5.6693,27.0225,23
p1928,6.3869,27.2364,23
p1929,5.2576,27.5492,23
p1930,5.092,27.5538,23
p1931,5.3013,27.6251,23
p1932,4.149,27.2985,23
p1933,5.5267,27.0777,23
p1934,5.4324,27.5009,23
p1935,5.3519,27.8413,23
p1936,5.897,28.5336,23
p1937,4.9379,27.7424,23
p1938,5.3565,27.1145,23
p1940,5.5152,27.747,23
p1943,6.1845,27.9356,23
p1944,4.1329,28.3266,23
p1945,5.138,27.678,23
p1946,5.8418,27.4595,23
p1947,4.6274,28.9177,23
p1948,5.644,28.0621,23
p1949,4.6251,27.8045,23
p1950,5.0345,27.6366,23
p1951,5.8993,27.2824,23
p1952,6.0626,27.0731,23
p1953,4.8321,28.1035,23
p1954,5.6808,27.9379,23
p1955,5.0966,27.3445,23
p1956,6.5939,28.1771,23
p1957,4.6458,27.6711,23
p1958,4.7999,28.368,23
p1960,4.3376,27.3077,23
p1961,5.5612,27.6665,23
p1962,6.6008,27.8275,23
p1963,5.0644,27.5676,23
p1964,4.4135,27.2778,23
p1965,4.0271,27.2755,23
p1966,4.7263,26.3716,23
p1967,4.7309,26.7304,23
p1969,5.0092,27.1651,23
p1970,6.2696,27.3215,23
p1971,6.4398,27.1329,23
p1972,6.1086,27.885,23
p1973,5.9269,27.8781,23
p1974,6.2719,27.4687,23
p1975,5.9729,27.9908,23
p1976,5.2599,27.9471,23
p1977,4.5676,27.9172,23
p1978,6.3156,26.7856,23
p1979,4.7447,27.1214,23
p1980,4.5561,28.4784,23
p1981,5.2001,28.046,23
p1982,6.3317,27.4365,23
p1983,5.9269,26.9374,23
p1984,6.3179,27.7286,23
p1986,6.2604,26.6361,23
p1987,5.0506,27.5699,23
p1988,6.9688,27.563,23
p1989,5.6486,27.2042,23
p1990,5.5083,27.6642,23
p1991,5.5911,28.6877,23
p1992,5.5382,27.3008,23
p1993,5.1081,27.5147,23
p1994,4.3905,27.8252,23
p1995,4.8505,27.9793,23
p1996,5.4232,27.2709,23
p1997,5.7383,27.8551,23
p1998,5.9016,27.8045,23
p1999,6.5525,26.9374,23
p2101,14.2138,27.5331,24
p2102,14.3173,27.5768,24
p2103,15.2074,28.1196,24
p2104,14.4737,25.5712,24
p2105,14.2276,27.4802,24
p2106,13.1742,27.0156,24
p2107,14.3679,25.861,24
p2108,14.3587,26.7994,24
p2109,14.2092,26.1485,24
p2110,14.1655,27.2617,24
p2111,13.4134,26.7672,24
p2112,14.3242,26.6568,24
p2113,13.3881,26.0013,24
p2114,13.2363,26.1554,24
p2115,14.4737,26.965,24
p2117,13.7101,26.5119,24
p2118,13.7423,25.1411,24
p2119,13.901,25.7368,24
p2120,14.7819,26.643,24
p2121,13.924,25.2906,24
p2122,14.8233,26.2842,24
p2124,13.464,27.5055,24
p2125,15.4466,26.4107,24
p2126,14.7359,27.4825,24
p2127,14.1885,27.6826,24
p2128,14.4691,25.2446,24
p2131,13.0477,26.8408,24
p2132,14.7451,24.9019,24
p2133,14.2598,26.0105,24
p2134,14.4254,27.8022,24
p2136,14.9406,27.6757,24
p2137,13.0615,26.965,24
p2138,14.0459,26.3463,24
p2139,13.3881,26.1278,24
p2140,14.3127,25.9645,24
p2141,14.7359,27.5722,24
p2142,14.1839,26.3417,24
p2143,13.3536,26.3026,24
p2144,13.4962,26.5947,24
p2145,13.9907,25.6471,24
p2146,13.2409,26.8707,24
p2147,14.0666,26.9903,24
p2148,13.4801,27.5791,24
p2150,14.5611,26.9167,24
p2151,14.4737,26.8224,24
p2152,13.8021,26.9673,24
p2153,13.1466,26.896,24
p2154,13.1627,26.8454,24
p2156,14.729,27.4756,24
p2157,15.1177,27.7953,24
p2158,14.568,25.7483,24
p2159,12.6613,26.5349,24
p2160,13.9953,26.8615,24
p2161,13.6825,26.7695,24
p2162,13.2593,27.5952,24
p2163,14.2368,26.9742,24
p2164,14.1678,26.0542,24
p2165,14.6738,27.7746,24
p2166,14.2115,25.9898,24
p2167,14.1586,25.5413,24
p2168,14.3587,26.0542,24
p2169,13.4985,27.1513,24
p2170,14.0919,26.0703,24
p2171,14.6232,26.2865,24
p2172,13.9631,27.5032,24
p2173,13.855,26.6223,24
p2174,13.8412,26.2428,24
p2175,14.5059,27.3077,24
p2177,13.1742,26.9213,24
p2178,13.4686,26.9489,24
p2179,14.0804,27.5331,24
p2180,14.8854,26.9443,24
p2181,13.8136,25.9277,24
p2182,14.0919,26.5947,24
p2183,14.5289,26.5602,24
p2184,14.6807,25.7828,24
p2185,15.1476,26.3417,24
p2186,15.3868,26.2612,24
p2187,13.4548,26.758,24
p2188,13.0592,28.0368,24
p2189,13.4088,27.1513,24
p2190,13.2317,27.8551,24
p2191,14.5542,26.1278,24
p2193,14.1195,25.7161,24
p2194,12.8085,26.574,24
p2195,13.2501,26.5096,24
p2196,14.7727,26.4866,24
p2197,13.4709,27.3031,24
p2199,13.7906,26.2635,24
p2200,14.4806,27.5561,24
p2438,21.4519,3.8776,25
p2447,21.7739,4.0938,25
p2458,21.8705,4.1858,25
p2499,21.583,3.7925,25
p2501,22.8871,16.8542,26
p2502,23.3931,16.4655,26
p2503,22.894,15.2833,26
p2505,22.5214,15.9871,26
p2506,21.7693,16.2194,26
p2508,21.9556,16.0653,26
p2510,22.3397,16.0078,26
p2511,23.6116,16.8404,26
p2512,22.8963,16.2585,26
p2513,21.8843,16.0285,26
p2514,23.0366,15.4144,26
p2515,22.8043,15.4052,26
p2516,21.7555,15.4144,26
p2517,22.6985,16.7001,26
p2518,21.7072,15.5754,26
p2519,22.4754,15.3063,26
p2520,22.9377,16.6817,26
p2521,23.3655,15.718,26
p2522,23.4782,15.7686,26
p2523,23.0274,15.833,26
p2524,21.9648,15.6605,26
p2525,23.0619,16.1826,26
p2526,22.5375,15.9664,26
p2527,21.9142,15.9963,26
p2528,23.2022,16.4287,26
p2530,22.8687,15.1568,26
p2531,22.963,15.9802,26
p2532,23.0596,16.2585,26
p2534,23.1654,15.2948,26
p2535,21.7072,15.4374,26
p2536,23.2712,16.3643,26
p2537,22.9193,16.4195,26
p2538,21.7509,15.3776,26
p2539,22.9354,15.3661,26
p2543,23.0895,16.3666,26
p2544,23.5794,16.8703,26
p2545,23.2988,16.385,26
p2546,23.4759,16.8151,26
p2547,22.6594,16.1504,26
p2548,23.2321,15.0257,26
p2549,22.0706,16.063,26
p2552,22.7077,15.3845,26
p2553,22.1189,15.8284,26
p2555,23.3448,16.4908,26
p2557,22.5559,16.73,26
p2558,23.5242,15.2971,26
p2559,23.1332,16.3298,26
p2561,22.963,14.8923,26
p2564,23.0366,15.6743,26
p2565,22.3811,15.9434,26
p2566,22.227,15.028,26
p2567,22.9423,17.213,26
p2568,22.3558,16.224,26
p2569,22.9584,15.0786,26
p2570,23.009,16.7116,26
p2571,22.9837,15.8974,26
p2572,23.078,16.0699,26
p2574,23.0481,16.5184,26
p2575,23.0918,15.3592,26
p2577,22.9308,16.0814,26
p2579,22.7491,16.6909,26
p2580,21.8383,16.1688,26
p2582,23.0343,16.7691,26
p2583,21.5416,16.1021,26
p2584,21.5853,16.3551,26
p2585,23.5518,15.8422,26
p2586,22.8572,16.2033,26
p2587,23.1953,15.7824,26
p2588,22.9492,14.7543,26
p2589,23.1378,15.9181,26
p2590,23.1447,14.9705,26
p2592,22.7951,15.5386,26
p2594,23.4253,17.1509,26
p2595,22.6249,15.419,26
p2596,23.1355,15.9756,26
p2597,22.825,16.4954,26
p2599,23.3149,17.0014,26
p2600,23.3931,15.9549,26
p1188,24.5362,16.9117,27
p2563,24.1475,16.7208,27
p2581,24.067,16.6058,27
p2591,24.0555,16.5621,27
p1155,24.2947,13.4318,28
p2601,22.7215,11.1134,28
p2602,24.2441,11.5734,28
p2603,23.0159,10.9478,28
p2604,22.0867,12.5348,28
p2605,23.9543,11.5849,28
p2606,21.8222,10.9639,28
p2607,24.0417,11.7804,28
p2608,22.0499,11.9115,28
p2609,22.5191,11.2744,28
p2610,22.3903,11.2629,28
p2611,22.7606,11.4193,28
p2612,22.4938,11.4699,28
p2613,22.4432,11.1341,28
p2614,23.5541,13.1167,28
p2615,22.9791,11.5803,28
p2616,22.7652,12.7142,28
p2618,23.4253,10.8558,28
p2619,22.4455,11.9138,28
p2620,23.2436,13.487,28
p2621,21.3783,11.8586,28
p2622,22.7974,10.7477,28
p2623,23.2137,12.5578,28
p2624,23.7956,12.9327,28
p2625,22.5674,13.0707,28
p2626,23.0228,11.9667,28
p2627,21.7394,10.7822,28
p2628,22.0062,11.5826,28
p2630,22.0315,11.5297,28
p2631,22.687,10.8949,28
p2632,22.1718,12.0035,28
p2633,24.0233,13.2179,28
p2634,23.5518,12.2174,28
p2635,22.9032,11.5274,28
p2636,21.6221,12.1691,28
p2637,22.6318,10.7615,28
p2638,22.2155,12.1599,28
p2639,22.273,11.9322,28
p2640,23.9175,12.9258,28
p2641,22.365,11.8701,28
p2642,22.4915,11.7137,28
p2643,23.8278,12.7579,28
p2644,23.607,12.1553,28
p2645,23.308,11.0191,28
p2647,22.4064,12.5371,28
p2648,22.4984,11.9575,28
p2649,21.997,10.8144,28
p2650,23.2459,11.8011,28
p2651,22.2891,11.9874,28
p2652,23.1539,11.417,28
p2653,22.8641,13.142,28
p2654,21.6336,12.2312,28
p2655,23.2252,11.9989,28
p2656,22.3719,11.7413,28
p2657,23.8577,11.8126,28
p2658,23.1792,11.1111,28
p2659,21.7187,12.2818,28
p2660,23.4483,12.1691,28
p2661,23.0826,12.4566,28
p2662,23.0044,11.4331,28
p2663,21.905,12.4359,28
p2664,22.7514,11.2008,28
p2666,23.1677,12.3209,28
p2667,21.6865,12.2335,28
p2668,22.3673,13.2616,28
p2669,22.9216,11.6309,28
p2670,21.6865,12.0403,28
p2671,22.1672,10.8006,28
p2672,21.9579,11.3549,28
p2673,22.8963,11.7505,28
p2674,22.917,11.1272,28
p2675,23.2712,12.3209,28
p2676,22.7146,12.0081,28
p2677,22.0315,12.2726,28
p2678,22.2868,10.52,28
p2679,22.9308,13.2455,28
p2680,21.7808,12.1047,28
p2681,23.8094,12.4106,28
p2682,22.4639,11.3641,28
p2683,22.1557,11.4308,28
p2684,22.6686,11.7321,28
p2685,22.7123,12.0771,28
p2686,23.722,11.7367,28
p2687,22.7399,11.5044,28
p2688,22.3581,11.6424,28
p2689,22.0683,12.2864,28
p2690,22.457,11.3158,28
p2691,22.5099,12.1093,28
p2692,21.8544,11.164,28
p2693,22.6157,11.8517,28
p2694,24.0946,11.9874,28
p2695,22.1994,11.6861,28
p2696,23.1723,11.2399,28
p2697,22.963,11.9,28
p2698,22.411,12.2703,28
p2699,23.3218,12.659,28
p2700,23.2321,12.0426,28
p2939,5.1058,11.5274,29
p2979,4.3422,11.5504,29
p2985,4.632,11.6723,29
p2992,5.0092,11.5159,29
p2999,4.6872,11.7666,29
